is_ship_rel,source_file
1,02-2025
1,02-2025
1,02-2025
1,02-2025
1,02-2025
1,02-2025
1,02-2025
1,02-2025
1,02-2025
1,02-2025
1,02-2025
1,02-2025
1,02-2025
1,02-2025
1,02-2025
1,02-2025
1,02-2025
1,02-2025
1,02-2025
1,02-2025
1,02-2025
1,02-2025
1,02-2025
1,02-2025
1,02-2025
1,02-2025
1,02-2025
1,02-2025
1,02-2025
1,02-2025
1,02-2025
1,02-2025
1,02-2025
1,02-2025
1,02-2025
1,02-2025
1,02-2025
1,02-2025
1,02-2025
1,02-2025
1,02-2025
1,02-2025
1,02-2025
1,02-2025
1,02-2025
1,02-2025
1,02-2025
1,02-2025
1,02-2025
1,02-2025
1,02-2025
1,02-2025
1,02-2025
1,02-2025
1,02-2025
1,02-2025
1,02-2025
1,02-2025
0,02-2025
1,02-2025
1,02-2025
1,02-2025
1,02-2025
1,02-2025
1,02-2025
1,02-2025
1,02-2025
1,02-2025
1,02-2025
1,02-2025
1,02-2025
1,02-2025
1,02-2025
1,02-2025
1,02-2025
1,02-2025
1,02-2025
1,02-2025
1,02-2025
1,02-2025
1,02-2025
1,02-2025
1,02-2025
1,02-2025
1,02-2025
1,02-2025
1,02-2025
1,02-2025
1,02-2025
1,02-2025
1,02-2025
1,02-2025
1,02-2025
1,02-2025
0,02-2025
1,02-2025
1,02-2025
1,02-2025
1,02-2025
1,02-2025
1,02-2025
1,02-2025
1,02-2025
1,02-2025
1,02-2025
1,02-2025
1,02-2025
1,02-2025
1,02-2025
1,02-2025
1,02-2025
1,02-2025
1,02-2025
1,02-2025
1,02-2025
1,02-2025
1,02-2025
1,02-2025
1,02-2025
1,02-2025
1,02-2025
1,02-2025
1,02-2025
1,02-2025
1,02-2025
1,02-2025
1,02-2025
1,02-2025
1,02-2025
1,02-2025
1,02-2025
1,02-2025
1,02-2025
1,02-2025
1,02-2025
1,02-2025
1,02-2025
1,02-2025
1,02-2025
1,02-2025
1,02-2025
1,02-2025
1,02-2025
1,02-2025
1,02-2025
1,02-2025
1,02-2025
1,02-2025
1,02-2025
1,02-2025
1,02-2025
1,02-2025
1,02-2025
1,02-2025
1,02-2025
1,02-2025
0,02-2025
1,02-2025
1,02-2025
0,02-2025
0,02-2025
1,02-2025
1,02-2025
0,02-2025
1,02-2025
1,02-2025
1,02-2025
1,02-2025
1,02-2025
1,02-2025
1,02-2025
1,02-2025
1,02-2025
1,02-2025
1,02-2025
1,02-2025
1,02-2025
1,02-2025
1,02-2025
1,02-2025
1,02-2025
1,02-2025
1,02-2025
1,02-2025
1,02-2025
1,02-2025
1,02-2025
1,02-2025
1,02-2025
1,02-2025
1,02-2025
1,02-2025
1,02-2025
1,02-2025
1,02-2025
1,02-2025
1,02-2025
1,02-2025
1,02-2025
1,02-2025
1,02-2025
1,02-2025
1,02-2025
1,02-2025
1,02-2025
1,02-2025
1,02-2025
1,02-2025
1,02-2025
1,02-2025
1,02-2025
1,02-2025
1,02-2025
1,02-2025
1,02-2025
1,02-2025
1,02-2025
1,02-2025
1,02-2025
1,02-2025
1,02-2025
1,02-2025
1,02-2025
1,02-2025
1,02-2025
1,02-2025
1,02-2025
1,02-2025
1,02-2025
1,02-2025
1,02-2025
1,02-2025
0,02-2025
0,02-2025
1,02-2025
1,02-2025
1,02-2025
1,02-2025
1,02-2025
1,02-2025
1,02-2025
1,02-2025
1,02-2025
1,02-2025
1,02-2025
1,02-2025
1,02-2025
1,02-2025
1,02-2025
1,02-2025
1,02-2025
1,02-2025
1,02-2025
1,02-2025
1,02-2025
1,02-2025
1,02-2025
1,02-2025
1,02-2025
1,02-2025
1,02-2025
1,02-2025
1,02-2025
1,02-2025
1,02-2025
1,02-2025
1,02-2025
1,02-2025
1,02-2025
1,02-2025
1,02-2025
1,02-2025
1,02-2025
1,02-2025
1,02-2025
1,02-2025
1,02-2025
1,02-2025
1,02-2025
0,02-2025
1,02-2025
1,02-2025
1,02-2025
1,02-2025
1,02-2025
1,02-2025
1,02-2025
1,02-2025
1,02-2025
1,02-2025
1,02-2025
1,02-2025
1,02-2025
1,02-2025
1,02-2025
1,02-2025
1,02-2025
1,02-2025
1,02-2025
1,02-2025
1,02-2025
1,02-2025
1,02-2025
1,02-2025
1,02-2025
1,02-2025
1,02-2025
1,02-2025
0,02-2025
1,02-2025
1,02-2025
1,02-2025
1,02-2025
1,02-2025
1,02-2025
1,02-2025
1,02-2025
1,02-2025
1,02-2025
1,02-2025
1,02-2025
1,02-2025
0,02-2025
1,02-2025
1,02-2025
1,02-2025
1,02-2025
1,02-2025
1,02-2025
1,02-2025
1,02-2025
1,02-2025
0,02-2025
1,02-2025
1,02-2025
1,02-2025
1,02-2025
1,02-2025
1,02-2025
1,02-2025
1,02-2025
1,02-2025
1,02-2025
1,02-2025
1,02-2025
1,02-2025
1,02-2025
1,02-2025
1,02-2025
1,02-2025
1,02-2025
1,02-2025
1,02-2025
1,02-2025
1,02-2025
1,02-2025
1,02-2025
1,02-2025
1,02-2025
1,02-2025
1,02-2025
1,02-2025
1,02-2025
1,02-2025
0,02-2025
1,02-2025
1,02-2025
1,02-2025
1,02-2025
1,02-2025
1,02-2025
1,02-2025
1,02-2025
1,02-2025
1,02-2025
1,02-2025
0,02-2025
1,02-2025
1,02-2025
1,02-2025
1,02-2025
1,02-2025
1,02-2025
1,02-2025
1,02-2025
1,02-2025
1,02-2025
1,02-2025
1,02-2025
1,02-2025
1,02-2025
1,02-2025
1,02-2025
1,02-2025
1,02-2025
1,02-2025
1,02-2025
1,02-2025
1,02-2025
1,02-2025
1,02-2025
1,02-2025
1,02-2025
1,02-2025
1,02-2025
1,02-2025
1,02-2025
1,02-2025
1,02-2025
0,02-2025
1,02-2025
1,02-2025
1,02-2025
1,02-2025
1,02-2025
1,02-2025
1,02-2025
1,02-2025
1,02-2025
1,02-2025
1,02-2025
1,02-2025
1,02-2025
1,02-2025
1,02-2025
1,02-2025
1,02-2025
1,02-2025
1,02-2025
1,02-2025
1,02-2025
1,02-2025
1,02-2025
1,02-2025
1,02-2025
1,02-2025
1,02-2025
1,02-2025
1,02-2025
1,02-2025
1,02-2025
1,02-2025
1,02-2025
1,02-2025
1,02-2025
1,02-2025
1,02-2025
1,02-2025
1,02-2025
1,02-2025
1,02-2025
1,02-2025
1,02-2025
1,02-2025
1,02-2025
1,02-2025
0,02-2025
1,02-2025
1,02-2025
1,02-2025
1,02-2025
1,02-2025
1,02-2025
1,02-2025
1,02-2025
1,02-2025
1,02-2025
1,02-2025
1,02-2025
1,02-2025
1,02-2025
1,02-2025
0,02-2025
1,02-2025
1,02-2025
1,02-2025
1,02-2025
1,02-2025
1,02-2025
1,02-2025
1,02-2025
1,02-2025
1,02-2025
1,02-2025
1,02-2025
1,02-2025
1,02-2025
1,02-2025
1,02-2025
1,02-2025
1,02-2025
1,02-2025
1,02-2025
1,02-2025
1,02-2025
1,02-2025
1,02-2025
1,02-2025
1,02-2025
1,02-2025
1,02-2025
0,02-2025
1,02-2025
1,02-2025
1,02-2025
1,02-2025
1,02-2025
1,02-2025
1,02-2025
1,02-2025
1,02-2025
0,02-2025
1,02-2025
1,02-2025
1,02-2025
1,02-2025
1,02-2025
1,02-2025
1,02-2025
1,02-2025
1,02-2025
1,02-2025
1,02-2025
1,02-2025
1,02-2025
1,02-2025
1,02-2025
1,02-2025
1,02-2025
1,02-2025
1,02-2025
1,02-2025
1,02-2025
1,02-2025
1,02-2025
1,02-2025
0,02-2025
1,02-2025
1,02-2025
1,02-2025
1,02-2025
1,02-2025
1,02-2025
1,02-2025
1,02-2025
1,02-2025
1,02-2025
0,02-2025
1,02-2025
1,02-2025
1,02-2025
1,02-2025
1,02-2025
1,02-2025
1,02-2025
1,02-2025
1,02-2025
1,02-2025
1,02-2025
1,02-2025
1,02-2025
1,02-2025
1,02-2025
1,02-2025
0,02-2025
1,02-2025
1,02-2025
1,02-2025
1,02-2025
1,02-2025
1,02-2025
1,02-2025
1,02-2025
1,02-2025
1,02-2025
1,02-2025
1,02-2025
1,02-2025
1,02-2025
1,02-2025
1,02-2025
1,02-2025
0,02-2025
1,02-2025
1,02-2025
1,02-2025
1,02-2025
1,02-2025
1,02-2025
1,02-2025
1,02-2025
1,02-2025
1,02-2025
1,02-2025
1,02-2025
1,02-2025
1,02-2025
1,02-2025
1,02-2025
1,02-2025
1,02-2025
1,02-2025
0,02-2025
1,02-2025
1,02-2025
1,02-2025
1,02-2025
1,02-2025
1,02-2025
1,02-2025
1,02-2025
1,02-2025
1,02-2025
1,02-2025
1,02-2025
1,02-2025
0,02-2025
1,02-2025
1,02-2025
1,02-2025
1,02-2025
1,02-2025
1,02-2025
1,02-2025
1,02-2025
1,02-2025
1,02-2025
1,02-2025
1,02-2025
1,02-2025
1,02-2025
1,02-2025
1,02-2025
1,02-2025
1,02-2025
1,02-2025
1,02-2025
1,02-2025
1,02-2025
1,02-2025
1,02-2025
1,02-2025
1,02-2025
1,02-2025
1,02-2025
1,02-2025
1,02-2025
1,02-2025
1,02-2025
1,02-2025
1,02-2025
1,02-2025
1,02-2025
1,02-2025
1,02-2025
1,02-2025
1,02-2025
1,02-2025
1,02-2025
1,02-2025
1,02-2025
1,02-2025
1,02-2025
1,02-2025
1,02-2025
1,02-2025
1,02-2025
1,02-2025
1,02-2025
1,02-2025
1,02-2025
1,02-2025
1,02-2025
1,02-2025
1,02-2025
1,02-2025
1,02-2025
1,02-2025
1,02-2025
1,02-2025
1,02-2025
1,02-2025
1,02-2025
1,02-2025
1,02-2025
1,02-2025
1,02-2025
0,02-2025
1,02-2025
1,02-2025
1,02-2025
1,02-2025
1,02-2025
1,02-2025
1,02-2025
1,02-2025
1,02-2025
1,02-2025
1,02-2025
1,02-2025
1,02-2025
1,02-2025
1,02-2025
1,02-2025
1,02-2025
1,02-2025
1,02-2025
1,02-2025
1,02-2025
1,02-2025
1,02-2025
1,02-2025
1,02-2025
1,02-2025
1,02-2025
1,02-2025
1,02-2025
1,02-2025
1,02-2025
1,02-2025
1,02-2025
1,02-2025
1,02-2025
1,02-2025
1,02-2025
1,02-2025
1,02-2025
1,02-2025
1,02-2025
1,02-2025
1,02-2025
1,02-2025
1,02-2025
1,02-2025
1,02-2025
1,02-2025
1,02-2025
1,02-2025
1,02-2025
1,02-2025
0,02-2025
1,02-2025
1,02-2025
1,02-2025
1,02-2025
1,02-2025
0,02-2025
1,02-2025
1,02-2025
1,02-2025
1,02-2025
1,02-2025
1,02-2025
1,02-2025
1,02-2025
1,02-2025
1,02-2025
1,02-2025
1,02-2025
1,02-2025
1,02-2025
1,02-2025
1,02-2025
1,02-2025
1,02-2025
1,02-2025
1,02-2025
1,02-2025
1,02-2025
1,02-2025
1,02-2025
1,02-2025
1,02-2025
1,02-2025
1,02-2025
1,02-2025
1,02-2025
1,02-2025
1,02-2025
1,02-2025
1,02-2025
1,02-2025
1,02-2025
1,02-2025
1,02-2025
1,02-2025
1,02-2025
1,02-2025
1,02-2025
1,02-2025
1,02-2025
1,02-2025
1,02-2025
1,02-2025
1,02-2025
1,02-2025
1,02-2025
1,02-2025
1,02-2025
1,02-2025
1,02-2025
1,02-2025
1,02-2025
1,02-2025
1,02-2025
1,02-2025
1,02-2025
1,02-2025
1,02-2025
1,02-2025
1,02-2025
1,02-2025
1,02-2025
1,02-2025
1,02-2025
1,02-2025
1,02-2025
1,02-2025
1,02-2025
1,02-2025
1,02-2025
1,02-2025
0,02-2025
1,02-2025
1,02-2025
1,02-2025
1,02-2025
1,02-2025
1,02-2025
1,02-2025
1,02-2025
1,02-2025
1,02-2025
1,02-2025
1,02-2025
1,02-2025
1,02-2025
1,02-2025
0,02-2025
1,02-2025
1,02-2025
1,02-2025
1,02-2025
1,02-2025
1,02-2025
1,02-2025
1,02-2025
1,02-2025
1,02-2025
1,02-2025
1,02-2025
1,02-2025
0,02-2025
1,02-2025
1,02-2025
1,02-2025
1,02-2025
1,02-2025
1,02-2025
1,02-2025
0,02-2025
1,02-2025
1,02-2025
1,02-2025
1,02-2025
1,02-2025
1,02-2025
1,02-2025
1,02-2025
1,02-2025
1,02-2025
1,02-2025
1,02-2025
1,02-2025
1,02-2025
1,02-2025
1,02-2025
1,02-2025
1,02-2025
1,02-2025
1,02-2025
1,02-2025
1,02-2025
1,02-2025
1,02-2025
1,02-2025
1,02-2025
1,02-2025
1,02-2025
1,02-2025
1,02-2025
1,02-2025
1,02-2025
1,02-2025
1,02-2025
1,02-2025
1,02-2025
1,02-2025
1,02-2025
1,02-2025
1,02-2025
1,02-2025
1,02-2025
1,02-2025
1,02-2025
1,02-2025
1,02-2025
1,02-2025
1,02-2025
1,02-2025
1,02-2025
1,02-2025
1,02-2025
1,02-2025
1,02-2025
1,02-2025
1,02-2025
1,02-2025
1,02-2025
1,02-2025
1,02-2025
1,02-2025
1,02-2025
1,02-2025
1,02-2025
1,02-2025
1,02-2025
1,02-2025
1,02-2025
1,02-2025
1,02-2025
1,02-2025
1,02-2025
1,02-2025
1,02-2025
1,02-2025
0,02-2025
1,02-2025
1,02-2025
1,02-2025
1,02-2025
1,02-2025
1,02-2025
1,02-2025
1,02-2025
1,02-2025
1,02-2025
1,02-2025
1,02-2025
1,02-2025
1,02-2025
1,02-2025
1,02-2025
1,02-2025
1,02-2025
1,02-2025
1,02-2025
1,02-2025
1,02-2025
1,02-2025
1,02-2025
1,02-2025
1,02-2025
1,02-2025
1,02-2025
1,02-2025
1,02-2025
1,02-2025
1,02-2025
1,02-2025
1,02-2025
1,02-2025
1,02-2025
1,02-2025
1,02-2025
1,02-2025
1,02-2025
1,02-2025
1,02-2025
1,02-2025
1,02-2025
1,02-2025
1,02-2025
1,02-2025
1,02-2025
1,02-2025
1,02-2025
1,02-2025
1,02-2025
1,02-2025
1,02-2025
1,02-2025
1,02-2025
1,02-2025
1,02-2025
1,02-2025
1,02-2025
1,02-2025
1,02-2025
1,02-2025
1,02-2025
1,02-2025
1,02-2025
1,02-2025
1,02-2025
1,02-2025
1,02-2025
1,02-2025
1,02-2025
1,02-2025
1,02-2025
1,02-2025
1,02-2025
1,02-2025
1,02-2025
1,02-2025
1,02-2025
1,02-2025
1,02-2025
1,02-2025
1,02-2025
1,02-2025
1,02-2025
1,02-2025
1,02-2025
1,02-2025
1,02-2025
1,02-2025
0,02-2025
1,02-2025
1,02-2025
1,02-2025
1,02-2025
1,02-2025
1,02-2025
1,02-2025
1,02-2025
1,02-2025
1,02-2025
1,02-2025
1,02-2025
1,02-2025
1,02-2025
1,02-2025
1,02-2025
1,02-2025
1,02-2025
1,02-2025
1,02-2025
1,02-2025
1,02-2025
1,02-2025
1,02-2025
1,02-2025
1,02-2025
1,02-2025
1,02-2025
1,02-2025
1,02-2025
1,02-2025
1,02-2025
1,02-2025
1,02-2025
1,02-2025
1,02-2025
1,02-2025
1,02-2025
1,02-2025
1,02-2025
1,02-2025
1,02-2025
1,02-2025
1,02-2025
1,02-2025
1,02-2025
1,02-2025
1,02-2025
1,02-2025
1,02-2025
1,02-2025
1,02-2025
1,02-2025
1,02-2025
1,02-2025
1,02-2025
1,02-2025
1,02-2025
1,02-2025
1,02-2025
1,02-2025
1,02-2025
1,02-2025
1,02-2025
1,02-2025
1,02-2025
1,02-2025
1,02-2025
0,02-2025
1,02-2025
1,02-2025
1,02-2025
1,02-2025
1,02-2025
1,02-2025
1,02-2025
1,02-2025
1,02-2025
1,02-2025
1,02-2025
1,02-2025
1,02-2025
1,02-2025
1,02-2025
1,02-2025
1,02-2025
1,02-2025
1,02-2025
1,02-2025
1,02-2025
1,02-2025
1,02-2025
0,02-2025
1,02-2025
1,02-2025
1,02-2025
1,02-2025
1,02-2025
1,02-2025
1,02-2025
1,02-2025
1,02-2025
1,02-2025
1,02-2025
1,02-2025
1,02-2025
1,02-2025
1,02-2025
1,02-2025
1,02-2025
1,02-2025
1,02-2025
1,02-2025
1,02-2025
1,02-2025
0,02-2025
1,02-2025
1,02-2025
1,02-2025
1,02-2025
1,02-2025
1,02-2025
1,02-2025
1,02-2025
1,02-2025
1,02-2025
1,02-2025
1,02-2025
1,02-2025
0,02-2025
1,02-2025
1,02-2025
1,02-2025
1,02-2025
1,02-2025
1,02-2025
1,02-2025
1,02-2025
1,02-2025
1,02-2025
1,02-2025
1,02-2025
0,02-2025
0,02-2025
1,02-2025
1,02-2025
1,02-2025
1,02-2025
1,02-2025
0,02-2025
1,02-2025
1,02-2025
1,02-2025
1,02-2025
1,02-2025
1,02-2025
1,02-2025
1,02-2025
1,02-2025
1,02-2025
1,02-2025
1,02-2025
1,02-2025
1,02-2025
1,02-2025
1,02-2025
1,02-2025
1,02-2025
1,02-2025
1,02-2025
1,02-2025
1,02-2025
1,02-2025
1,02-2025
1,02-2025
1,02-2025
1,02-2025
1,02-2025
1,02-2025
1,02-2025
1,02-2025
1,02-2025
1,02-2025
1,02-2025
1,02-2025
1,02-2025
1,02-2025
1,02-2025
1,02-2025
1,02-2025
1,02-2025
0,02-2025
1,02-2025
1,02-2025
1,02-2025
1,02-2025
1,02-2025
1,02-2025
1,02-2025
1,02-2025
1,02-2025
0,02-2025
1,02-2025
1,02-2025
1,02-2025
1,02-2025
1,02-2025
1,02-2025
1,02-2025
1,02-2025
1,02-2025
1,02-2025
1,02-2025
1,02-2025
1,02-2025
1,02-2025
1,02-2025
1,02-2025
1,02-2025
1,02-2025
1,02-2025
1,02-2025
1,02-2025
0,02-2025
1,02-2025
1,02-2025
1,02-2025
1,02-2025
1,02-2025
1,02-2025
1,02-2025
1,02-2025
1,02-2025
1,02-2025
1,02-2025
0,02-2025
1,02-2025
1,02-2025
1,02-2025
1,02-2025
1,02-2025
1,02-2025
1,02-2025
1,02-2025
1,02-2025
1,02-2025
1,02-2025
1,02-2025
1,02-2025
1,02-2025
1,02-2025
1,02-2025
0,02-2025
1,02-2025
1,02-2025
1,02-2025
1,02-2025
1,02-2025
1,02-2025
1,02-2025
1,02-2025
1,02-2025
1,02-2025
1,02-2025
1,02-2025
1,02-2025
1,02-2025
1,02-2025
1,02-2025
1,02-2025
0,02-2025
0,02-2025
1,02-2025
1,02-2025
1,02-2025
1,02-2025
1,02-2025
1,02-2025
1,02-2025
1,02-2025
1,02-2025
1,02-2025
1,02-2025
1,02-2025
1,02-2025
1,02-2025
1,02-2025
1,02-2025
1,02-2025
1,02-2025
1,02-2025
1,02-2025
1,02-2025
1,02-2025
1,02-2025
1,02-2025
1,02-2025
1,02-2025
0,02-2025
1,02-2025
1,02-2025
1,02-2025
1,02-2025
1,02-2025
1,02-2025
1,02-2025
1,02-2025
1,02-2025
1,02-2025
1,02-2025
1,02-2025
1,02-2025
1,02-2025
0,02-2025
1,02-2025
1,02-2025
1,02-2025
1,02-2025
1,02-2025
1,02-2025
1,02-2025
1,02-2025
1,02-2025
1,02-2025
1,02-2025
1,02-2025
1,02-2025
1,02-2025
1,02-2025
1,02-2025
1,02-2025
1,02-2025
1,02-2025
1,02-2025
1,02-2025
1,02-2025
1,02-2025
1,02-2025
1,02-2025
1,02-2025
1,02-2025
1,02-2025
1,02-2025
1,02-2025
1,02-2025
1,02-2025
1,02-2025
1,02-2025
1,02-2025
1,02-2025
1,02-2025
1,02-2025
1,02-2025
1,02-2025
1,02-2025
1,02-2025
1,02-2025
1,02-2025
1,02-2025
1,02-2025
1,02-2025
1,02-2025
1,02-2025
1,02-2025
1,02-2025
1,02-2025
1,02-2025
1,02-2025
1,02-2025
1,02-2025
1,02-2025
1,02-2025
1,02-2025
1,02-2025
1,02-2025
1,02-2025
1,02-2025
1,02-2025
1,02-2025
1,02-2025
1,02-2025
1,02-2025
1,02-2025
1,02-2025
1,02-2025
1,02-2025
1,02-2025
1,02-2025
1,02-2025
1,02-2025
1,02-2025
0,02-2025
1,02-2025
1,02-2025
1,02-2025
1,02-2025
1,02-2025
1,02-2025
1,02-2025
1,02-2025
1,02-2025
1,02-2025
1,02-2025
1,02-2025
1,02-2025
1,02-2025
1,02-2025
1,02-2025
1,02-2025
1,02-2025
1,02-2025
1,02-2025
1,02-2025
1,02-2025
1,02-2025
1,02-2025
1,02-2025
1,02-2025
1,02-2025
1,02-2025
1,02-2025
1,02-2025
1,02-2025
1,02-2025
1,02-2025
1,02-2025
1,02-2025
1,02-2025
1,02-2025
1,02-2025
1,02-2025
1,02-2025
1,02-2025
1,02-2025
1,02-2025
1,02-2025
0,02-2025
1,02-2025
1,02-2025
1,02-2025
1,02-2025
1,02-2025
1,02-2025
1,02-2025
1,02-2025
1,02-2025
1,02-2025
1,02-2025
1,02-2025
1,02-2025
1,02-2025
1,02-2025
1,02-2025
1,02-2025
1,02-2025
1,02-2025
1,02-2025
1,02-2025
1,02-2025
1,02-2025
1,02-2025
1,02-2025
1,02-2025
1,02-2025
1,02-2025
1,02-2025
1,02-2025
1,02-2025
1,02-2025
1,02-2025
1,02-2025
1,02-2025
1,02-2025
1,02-2025
0,02-2025
1,02-2025
1,02-2025
1,02-2025
1,02-2025
1,02-2025
1,02-2025
1,02-2025
1,02-2025
1,02-2025
1,02-2025
1,02-2025
1,02-2025
1,02-2025
1,02-2025
1,02-2025
1,02-2025
1,02-2025
1,02-2025
1,02-2025
1,02-2025
1,02-2025
1,02-2025
1,02-2025
1,02-2025
1,02-2025
1,02-2025
1,02-2025
1,02-2025
1,02-2025
1,02-2025
1,02-2025
1,02-2025
1,02-2025
1,02-2025
1,02-2025
1,02-2025
1,02-2025
1,02-2025
1,02-2025
1,02-2025
1,02-2025
1,02-2025
1,02-2025
1,02-2025
1,02-2025
1,02-2025
1,02-2025
1,02-2025
1,02-2025
1,02-2025
1,02-2025
1,02-2025
1,02-2025
1,02-2025
1,02-2025
1,02-2025
1,02-2025
1,02-2025
1,02-2025
1,02-2025
1,02-2025
1,02-2025
1,02-2025
1,02-2025
1,02-2025
1,02-2025
1,02-2025
1,02-2025
1,02-2025
1,02-2025
1,02-2025
1,02-2025
1,02-2025
1,02-2025
1,02-2025
0,02-2025
1,02-2025
1,02-2025
1,02-2025
1,02-2025
1,02-2025
1,02-2025
1,02-2025
1,02-2025
1,02-2025
1,02-2025
1,02-2025
1,02-2025
1,02-2025
1,02-2025
1,02-2025
1,02-2025
1,02-2025
1,02-2025
1,02-2025
1,02-2025
1,02-2025
1,02-2025
1,02-2025
1,02-2025
1,02-2025
1,02-2025
1,02-2025
1,02-2025
1,02-2025
1,02-2025
1,02-2025
1,02-2025
1,02-2025
1,02-2025
1,02-2025
1,02-2025
1,02-2025
1,02-2025
1,02-2025
1,02-2025
1,02-2025
1,02-2025
1,02-2025
1,02-2025
1,02-2025
1,02-2025
1,02-2025
1,02-2025
1,02-2025
1,02-2025
1,02-2025
1,02-2025
1,02-2025
1,02-2025
1,02-2025
1,02-2025
1,02-2025
1,02-2025
1,02-2025
1,02-2025
1,02-2025
1,02-2025
1,02-2025
1,02-2025
1,02-2025
1,02-2025
1,02-2025
1,02-2025
1,02-2025
1,02-2025
1,02-2025
1,02-2025
0,02-2025
1,02-2025
1,02-2025
1,02-2025
1,02-2025
1,02-2025
1,02-2025
1,02-2025
1,02-2025
1,02-2025
1,02-2025
0,02-2025
1,02-2025
1,02-2025
1,02-2025
1,02-2025
1,02-2025
1,02-2025
1,02-2025
1,02-2025
1,02-2025
1,02-2025
1,02-2025
1,02-2025
1,02-2025
1,02-2025
1,02-2025
1,02-2025
1,02-2025
1,02-2025
1,02-2025
1,02-2025
1,02-2025
1,02-2025
1,02-2025
1,02-2025
1,02-2025
1,02-2025
1,02-2025
0,02-2025
1,02-2025
1,02-2025
1,02-2025
1,02-2025
1,02-2025
0,02-2025
1,02-2025
1,02-2025
1,02-2025
1,02-2025
1,02-2025
1,02-2025
1,02-2025
1,02-2025
1,02-2025
1,02-2025
1,02-2025
1,02-2025
1,02-2025
1,02-2025
1,02-2025
1,02-2025
1,02-2025
1,02-2025
1,02-2025
1,02-2025
1,02-2025
1,02-2025
1,02-2025
1,02-2025
1,02-2025
1,02-2025
1,02-2025
1,02-2025
1,02-2025
1,02-2025
1,02-2025
1,02-2025
1,02-2025
1,02-2025
1,02-2025
1,02-2025
1,02-2025
1,02-2025
1,02-2025
1,02-2025
1,02-2025
1,02-2025
1,02-2025
1,02-2025
1,02-2025
1,02-2025
1,02-2025
1,02-2025
1,02-2025
1,02-2025
1,02-2025
1,02-2025
1,02-2025
1,02-2025
1,02-2025
1,02-2025
1,02-2025
1,02-2025
1,02-2025
1,02-2025
1,02-2025
1,02-2025
1,02-2025
1,02-2025
1,02-2025
1,02-2025
1,02-2025
1,02-2025
1,02-2025
1,02-2025
1,02-2025
1,02-2025
1,02-2025
1,02-2025
1,02-2025
1,02-2025
1,02-2025
1,02-2025
1,02-2025
1,02-2025
1,02-2025
1,02-2025
1,02-2025
1,02-2025
1,02-2025
1,02-2025
1,02-2025
1,02-2025
1,02-2025
1,02-2025
1,02-2025
1,02-2025
1,02-2025
1,02-2025
1,02-2025
1,02-2025
1,02-2025
1,02-2025
1,02-2025
1,02-2025
1,02-2025
1,02-2025
1,02-2025
1,02-2025
1,02-2025
1,02-2025
1,02-2025
1,02-2025
1,02-2025
1,02-2025
1,02-2025
1,02-2025
1,02-2025
1,02-2025
1,02-2025
1,02-2025
1,02-2025
1,02-2025
1,02-2025
1,02-2025
1,02-2025
1,02-2025
1,02-2025
1,02-2025
1,02-2025
1,02-2025
1,02-2025
1,02-2025
1,02-2025
1,02-2025
1,02-2025
1,02-2025
0,02-2025
1,02-2025
1,02-2025
1,02-2025
1,02-2025
1,02-2025
1,02-2025
1,02-2025
1,02-2025
1,02-2025
1,02-2025
1,02-2025
0,02-2025
0,02-2025
1,02-2025
1,02-2025
1,02-2025
1,02-2025
1,02-2025
1,02-2025
1,02-2025
1,02-2025
1,02-2025
1,02-2025
1,02-2025
1,02-2025
1,02-2025
1,02-2025
1,02-2025
1,02-2025
1,02-2025
1,02-2025
1,02-2025
1,02-2025
1,02-2025
1,02-2025
1,02-2025
1,02-2025
1,02-2025
1,02-2025
1,02-2025
1,02-2025
1,02-2025
1,02-2025
1,02-2025
1,02-2025
1,02-2025
1,02-2025
1,02-2025
1,02-2025
1,02-2025
1,02-2025
1,02-2025
1,02-2025
1,02-2025
1,02-2025
1,02-2025
1,02-2025
1,02-2025
1,02-2025
1,02-2025
1,02-2025
1,02-2025
1,02-2025
1,02-2025
1,02-2025
1,02-2025
1,02-2025
1,02-2025
1,02-2025
1,02-2025
1,02-2025
1,02-2025
1,02-2025
1,02-2025
1,02-2025
1,02-2025
1,02-2025
1,02-2025
1,02-2025
1,02-2025
1,02-2025
1,02-2025
1,02-2025
1,02-2025
1,02-2025
1,02-2025
1,02-2025
1,02-2025
1,02-2025
1,02-2025
1,02-2025
1,02-2025
1,02-2025
1,02-2025
1,02-2025
1,02-2025
1,02-2025
1,02-2025
1,02-2025
1,02-2025
1,02-2025
1,02-2025
1,02-2025
1,02-2025
1,02-2025
1,02-2025
1,02-2025
1,02-2025
1,02-2025
1,02-2025
1,02-2025
1,02-2025
1,02-2025
1,02-2025
1,02-2025
1,02-2025
1,02-2025
1,02-2025
1,02-2025
1,02-2025
1,02-2025
1,02-2025
1,02-2025
1,02-2025
1,02-2025
1,02-2025
1,02-2025
1,02-2025
1,02-2025
1,02-2025
1,02-2025
1,02-2025
1,02-2025
1,02-2025
1,02-2025
1,02-2025
1,02-2025
1,02-2025
1,02-2025
1,02-2025
1,02-2025
1,02-2025
1,02-2025
1,02-2025
1,02-2025
1,02-2025
1,02-2025
1,02-2025
1,02-2025
1,02-2025
1,02-2025
1,02-2025
1,02-2025
1,02-2025
1,02-2025
0,02-2025
0,02-2025
1,02-2025
1,02-2025
1,02-2025
1,02-2025
1,02-2025
1,02-2025
1,02-2025
1,02-2025
1,02-2025
1,02-2025
1,02-2025
1,02-2025
1,02-2025
1,02-2025
1,02-2025
1,02-2025
1,02-2025
1,02-2025
1,02-2025
1,02-2025
1,02-2025
1,02-2025
1,02-2025
1,02-2025
1,02-2025
1,02-2025
1,02-2025
1,02-2025
1,02-2025
1,02-2025
1,02-2025
1,02-2025
1,02-2025
1,02-2025
1,02-2025
1,02-2025
1,02-2025
1,02-2025
1,02-2025
1,02-2025
1,02-2025
1,02-2025
1,02-2025
1,02-2025
1,02-2025
1,02-2025
1,02-2025
1,02-2025
1,02-2025
1,02-2025
1,02-2025
1,02-2025
1,02-2025
1,02-2025
1,02-2025
1,02-2025
1,02-2025
1,02-2025
1,02-2025
1,02-2025
1,02-2025
1,02-2025
1,02-2025
1,02-2025
1,02-2025
0,02-2025
1,02-2025
1,02-2025
1,02-2025
1,02-2025
1,02-2025
1,02-2025
1,02-2025
1,02-2025
1,02-2025
1,02-2025
1,02-2025
1,02-2025
1,02-2025
1,02-2025
1,02-2025
1,02-2025
1,02-2025
1,02-2025
1,02-2025
1,02-2025
1,02-2025
1,02-2025
1,02-2025
1,02-2025
1,02-2025
1,02-2025
1,02-2025
1,02-2025
1,02-2025
1,02-2025
1,02-2025
1,02-2025
1,02-2025
1,02-2025
1,02-2025
1,02-2025
1,02-2025
1,02-2025
1,02-2025
1,02-2025
1,02-2025
1,02-2025
1,02-2025
1,02-2025
1,02-2025
1,02-2025
1,02-2025
1,02-2025
0,02-2025
1,02-2025
1,02-2025
1,02-2025
1,02-2025
0,02-2025
1,02-2025
1,02-2025
1,02-2025
1,02-2025
1,02-2025
1,02-2025
1,02-2025
1,02-2025
1,02-2025
1,02-2025
1,02-2025
1,02-2025
1,02-2025
1,02-2025
1,02-2025
1,02-2025
1,02-2025
1,02-2025
1,02-2025
1,02-2025
1,02-2025
1,02-2025
1,02-2025
1,02-2025
1,02-2025
1,02-2025
1,02-2025
1,02-2025
1,02-2025
1,02-2025
1,02-2025
1,02-2025
1,02-2025
1,02-2025
1,02-2025
1,02-2025
1,02-2025
1,02-2025
1,02-2025
1,02-2025
1,02-2025
1,02-2025
1,02-2025
1,02-2025
1,02-2025
1,02-2025
1,02-2025
1,02-2025
1,02-2025
1,02-2025
1,02-2025
1,02-2025
1,02-2025
1,02-2025
1,02-2025
1,02-2025
1,02-2025
1,02-2025
1,02-2025
1,02-2025
1,02-2025
1,02-2025
1,02-2025
1,02-2025
1,02-2025
1,02-2025
1,02-2025
1,02-2025
1,02-2025
1,02-2025
1,02-2025
1,02-2025
1,02-2025
1,02-2025
1,02-2025
1,02-2025
1,02-2025
1,02-2025
1,02-2025
1,02-2025
1,02-2025
1,02-2025
1,02-2025
1,02-2025
1,02-2025
1,02-2025
1,02-2025
1,02-2025
1,02-2025
1,02-2025
1,02-2025
1,02-2025
1,02-2025
1,02-2025
1,02-2025
1,02-2025
1,02-2025
1,02-2025
1,02-2025
1,02-2025
1,02-2025
1,02-2025
1,02-2025
1,02-2025
1,02-2025
1,02-2025
1,02-2025
1,02-2025
1,02-2025
1,02-2025
1,02-2025
1,02-2025
1,02-2025
1,02-2025
1,02-2025
1,02-2025
1,02-2025
1,02-2025
1,02-2025
1,02-2025
1,02-2025
1,02-2025
1,02-2025
1,02-2025
1,02-2025
1,02-2025
1,02-2025
1,02-2025
1,02-2025
1,02-2025
1,02-2025
1,02-2025
1,02-2025
1,02-2025
1,02-2025
1,02-2025
1,02-2025
1,02-2025
1,02-2025
1,02-2025
1,02-2025
1,02-2025
1,02-2025
1,02-2025
1,02-2025
1,02-2025
1,02-2025
1,02-2025
1,02-2025
1,02-2025
1,02-2025
1,02-2025
1,02-2025
1,02-2025
1,02-2025
1,02-2025
1,02-2025
1,02-2025
1,02-2025
1,02-2025
1,02-2025
1,02-2025
1,02-2025
1,02-2025
1,02-2025
1,02-2025
1,02-2025
1,02-2025
1,02-2025
1,02-2025
1,02-2025
1,02-2025
1,02-2025
0,02-2025
1,02-2025
1,02-2025
1,02-2025
1,02-2025
1,02-2025
1,02-2025
1,02-2025
1,02-2025
1,02-2025
1,02-2025
1,02-2025
1,02-2025
1,02-2025
1,02-2025
1,02-2025
1,02-2025
1,02-2025
1,02-2025
1,02-2025
0,02-2025
1,02-2025
1,02-2025
1,02-2025
1,02-2025
1,02-2025
1,02-2025
0,02-2025
1,02-2025
1,02-2025
1,02-2025
1,02-2025
1,02-2025
1,02-2025
1,02-2025
1,02-2025
1,02-2025
1,02-2025
1,02-2025
0,02-2025
1,02-2025
1,02-2025
1,02-2025
1,02-2025
1,02-2025
1,02-2025
1,02-2025
1,02-2025
1,02-2025
1,02-2025
1,02-2025
1,02-2025
1,02-2025
1,02-2025
1,02-2025
1,02-2025
1,02-2025
1,02-2025
0,02-2025
1,02-2025
1,02-2025
1,02-2025
1,02-2025
1,02-2025
1,02-2025
1,02-2025
1,02-2025
1,02-2025
1,02-2025
0,02-2025
1,02-2025
1,02-2025
1,02-2025
0,02-2025
1,02-2025
1,02-2025
1,02-2025
1,02-2025
0,02-2025
1,02-2025
1,02-2025
1,02-2025
1,02-2025
1,02-2025
1,02-2025
1,02-2025
1,02-2025
1,02-2025
1,02-2025
0,02-2025
1,02-2025
1,02-2025
1,02-2025
1,02-2025
1,02-2025
0,02-2025
0,02-2025
1,02-2025
1,02-2025
1,02-2025
1,02-2025
1,02-2025
1,02-2025
1,02-2025
1,02-2025
1,02-2025
1,02-2025
1,02-2025
1,02-2025
1,02-2025
1,02-2025
1,02-2025
1,02-2025
1,02-2025
1,02-2025
1,02-2025
1,02-2025
1,02-2025
1,02-2025
1,02-2025
1,02-2025
1,02-2025
1,02-2025
1,02-2025
1,02-2025
1,02-2025
1,02-2025
1,02-2025
1,02-2025
1,02-2025
1,02-2025
1,02-2025
1,02-2025
1,02-2025
1,02-2025
1,02-2025
1,02-2025
1,02-2025
1,02-2025
1,02-2025
1,02-2025
0,02-2025
1,02-2025
1,02-2025
1,02-2025
1,02-2025
1,02-2025
1,02-2025
1,02-2025
1,02-2025
1,02-2025
1,02-2025
1,02-2025
1,02-2025
1,02-2025
1,02-2025
1,02-2025
1,02-2025
1,02-2025
1,02-2025
1,02-2025
1,02-2025
1,02-2025
1,02-2025
1,02-2025
1,02-2025
1,02-2025
0,02-2025
1,02-2025
1,02-2025
1,02-2025
1,02-2025
1,02-2025
1,02-2025
1,02-2025
1,02-2025
1,02-2025
1,02-2025
1,02-2025
1,02-2025
1,02-2025
1,02-2025
1,02-2025
0,02-2025
1,02-2025
1,02-2025
1,02-2025
1,02-2025
1,02-2025
1,02-2025
1,02-2025
1,02-2025
1,02-2025
1,02-2025
0,02-2025
1,02-2025
1,02-2025
1,02-2025
1,02-2025
1,02-2025
1,02-2025
1,02-2025
1,02-2025
1,02-2025
0,02-2025
1,02-2025
1,02-2025
1,02-2025
1,02-2025
1,02-2025
1,02-2025
1,02-2025
1,02-2025
1,02-2025
1,02-2025
1,02-2025
1,02-2025
1,02-2025
1,02-2025
1,02-2025
1,02-2025
1,02-2025
1,02-2025
1,02-2025
1,02-2025
1,02-2025
1,02-2025
1,02-2025
1,02-2025
1,02-2025
1,02-2025
1,02-2025
1,02-2025
1,02-2025
1,02-2025
1,02-2025
1,02-2025
1,02-2025
1,02-2025
1,02-2025
1,02-2025
1,02-2025
1,02-2025
1,02-2025
1,02-2025
1,02-2025
1,02-2025
1,02-2025
1,02-2025
1,02-2025
1,02-2025
1,02-2025
1,02-2025
1,02-2025
1,02-2025
1,02-2025
1,02-2025
1,02-2025
1,02-2025
0,02-2025
1,02-2025
1,02-2025
1,02-2025
1,02-2025
1,02-2025
1,02-2025
1,02-2025
1,02-2025
1,02-2025
1,02-2025
1,02-2025
1,02-2025
1,02-2025
1,02-2025
1,02-2025
1,02-2025
1,02-2025
1,02-2025
1,02-2025
1,02-2025
1,02-2025
1,02-2025
1,02-2025
1,02-2025
0,02-2025
1,02-2025
1,02-2025
1,02-2025
1,02-2025
1,02-2025
1,02-2025
1,02-2025
1,02-2025
1,02-2025
1,02-2025
1,02-2025
1,02-2025
1,02-2025
1,02-2025
1,02-2025
1,02-2025
1,02-2025
1,02-2025
1,02-2025
1,02-2025
1,02-2025
1,02-2025
1,02-2025
1,02-2025
1,02-2025
1,02-2025
1,02-2025
1,02-2025
1,02-2025
1,02-2025
1,02-2025
1,02-2025
1,02-2025
1,02-2025
1,02-2025
1,02-2025
1,02-2025
1,02-2025
1,02-2025
1,02-2025
1,02-2025
1,02-2025
1,02-2025
1,02-2025
1,02-2025
1,02-2025
1,02-2025
1,02-2025
1,02-2025
1,02-2025
1,02-2025
1,02-2025
1,02-2025
1,02-2025
1,02-2025
1,02-2025
1,02-2025
1,02-2025
1,02-2025
1,02-2025
1,02-2025
1,02-2025
1,02-2025
1,02-2025
1,02-2025
1,02-2025
1,02-2025
1,02-2025
1,02-2025
1,02-2025
1,02-2025
1,02-2025
0,02-2025
1,02-2025
1,02-2025
1,02-2025
0,02-2025
1,02-2025
1,02-2025
1,02-2025
1,02-2025
1,02-2025
1,02-2025
1,02-2025
0,02-2025
1,02-2025
1,02-2025
1,02-2025
1,02-2025
1,02-2025
1,02-2025
1,02-2025
1,02-2025
1,02-2025
1,02-2025
1,02-2025
1,02-2025
1,02-2025
1,02-2025
1,02-2025
0,02-2025
1,02-2025
1,02-2025
1,02-2025
1,02-2025
1,02-2025
1,02-2025
1,02-2025
1,02-2025
1,02-2025
1,02-2025
1,02-2025
1,02-2025
1,02-2025
1,02-2025
1,02-2025
1,02-2025
1,02-2025
1,02-2025
1,02-2025
1,02-2025
1,02-2025
1,02-2025
1,02-2025
1,02-2025
1,02-2025
1,02-2025
1,02-2025
1,02-2025
1,02-2025
1,02-2025
1,02-2025
1,02-2025
1,02-2025
1,02-2025
1,02-2025
1,02-2025
1,02-2025
1,02-2025
1,02-2025
1,02-2025
1,02-2025
1,02-2025
1,02-2025
1,02-2025
1,02-2025
1,02-2025
1,02-2025
1,02-2025
1,02-2025
1,02-2025
1,02-2025
1,02-2025
1,02-2025
1,02-2025
1,02-2025
1,02-2025
1,02-2025
1,02-2025
1,02-2025
1,02-2025
1,02-2025
1,02-2025
1,02-2025
1,02-2025
1,02-2025
1,02-2025
1,02-2025
1,02-2025
1,02-2025
1,02-2025
1,02-2025
1,02-2025
1,02-2025
1,02-2025
1,02-2025
1,02-2025
1,02-2025
1,02-2025
1,02-2025
1,02-2025
1,02-2025
1,02-2025
1,02-2025
1,02-2025
1,02-2025
1,02-2025
1,02-2025
1,02-2025
1,02-2025
1,02-2025
1,02-2025
1,02-2025
1,02-2025
1,02-2025
1,02-2025
1,02-2025
1,02-2025
1,02-2025
1,02-2025
1,02-2025
1,02-2025
1,02-2025
1,02-2025
1,02-2025
1,02-2025
1,02-2025
1,02-2025
1,02-2025
1,02-2025
1,02-2025
1,02-2025
0,02-2025
1,02-2025
1,02-2025
1,02-2025
1,02-2025
1,02-2025
1,02-2025
0,02-2025
1,02-2025
1,02-2025
1,02-2025
1,02-2025
1,02-2025
1,02-2025
1,02-2025
1,02-2025
1,02-2025
1,02-2025
1,02-2025
1,02-2025
1,02-2025
1,02-2025
1,02-2025
1,02-2025
1,02-2025
1,02-2025
1,02-2025
1,02-2025
1,02-2025
1,02-2025
1,02-2025
1,02-2025
1,02-2025
1,02-2025
1,02-2025
1,02-2025
1,02-2025
1,02-2025
1,02-2025
1,02-2025
1,02-2025
1,02-2025
1,02-2025
1,02-2025
1,02-2025
1,02-2025
1,02-2025
0,02-2025
1,02-2025
1,02-2025
1,02-2025
1,02-2025
1,02-2025
1,02-2025
1,02-2025
1,02-2025
1,02-2025
1,02-2025
1,02-2025
1,02-2025
0,02-2025
1,02-2025
1,02-2025
1,02-2025
1,02-2025
1,02-2025
1,02-2025
1,02-2025
1,02-2025
1,02-2025
1,02-2025
1,02-2025
1,02-2025
1,02-2025
0,02-2025
1,02-2025
1,02-2025
1,02-2025
1,02-2025
1,02-2025
1,02-2025
1,02-2025
1,02-2025
1,02-2025
1,02-2025
1,02-2025
1,02-2025
1,02-2025
1,02-2025
1,02-2025
1,02-2025
1,02-2025
1,02-2025
1,02-2025
1,02-2025
1,02-2025
1,02-2025
1,02-2025
1,02-2025
1,02-2025
1,02-2025
1,02-2025
1,02-2025
1,02-2025
1,02-2025
1,02-2025
1,02-2025
1,02-2025
1,02-2025
1,02-2025
1,02-2025
1,02-2025
1,02-2025
1,02-2025
1,02-2025
1,02-2025
1,02-2025
1,02-2025
1,02-2025
1,02-2025
1,02-2025
1,02-2025
1,02-2025
1,02-2025
1,02-2025
1,02-2025
1,02-2025
1,02-2025
1,02-2025
1,02-2025
1,02-2025
1,02-2025
1,02-2025
1,02-2025
1,02-2025
1,02-2025
1,02-2025
1,02-2025
1,02-2025
1,02-2025
1,02-2025
1,02-2025
1,02-2025
1,02-2025
1,02-2025
1,02-2025
1,02-2025
1,02-2025
1,02-2025
1,02-2025
1,02-2025
0,02-2025
1,02-2025
1,02-2025
1,02-2025
1,02-2025
1,02-2025
1,02-2025
1,02-2025
1,02-2025
1,02-2025
1,02-2025
1,02-2025
1,02-2025
1,02-2025
1,02-2025
1,02-2025
0,02-2025
1,02-2025
1,02-2025
1,02-2025
1,02-2025
1,02-2025
1,02-2025
1,02-2025
1,02-2025
1,02-2025
1,02-2025
1,02-2025
1,02-2025
1,02-2025
1,02-2025
1,02-2025
1,02-2025
1,02-2025
1,02-2025
1,02-2025
1,02-2025
1,02-2025
1,02-2025
1,02-2025
1,02-2025
1,02-2025
1,02-2025
1,02-2025
1,02-2025
1,02-2025
1,02-2025
1,02-2025
1,02-2025
1,02-2025
1,02-2025
1,02-2025
1,02-2025
1,02-2025
1,02-2025
1,02-2025
1,02-2025
1,02-2025
1,02-2025
1,02-2025
1,02-2025
1,02-2025
1,02-2025
1,02-2025
0,02-2025
1,02-2025
0,02-2025
1,02-2025
1,02-2025
1,02-2025
1,02-2025
1,02-2025
1,02-2025
1,02-2025
1,02-2025
1,02-2025
1,02-2025
1,02-2025
1,02-2025
1,02-2025
1,02-2025
1,02-2025
1,02-2025
1,02-2025
1,02-2025
1,02-2025
1,02-2025
1,02-2025
1,02-2025
1,02-2025
1,02-2025
1,02-2025
1,02-2025
1,02-2025
1,02-2025
1,02-2025
1,02-2025
1,02-2025
1,02-2025
1,02-2025
1,02-2025
1,02-2025
1,02-2025
1,02-2025
1,02-2025
1,02-2025
1,02-2025
1,02-2025
1,02-2025
1,02-2025
1,02-2025
1,02-2025
1,02-2025
1,02-2025
1,02-2025
1,02-2025
1,02-2025
1,02-2025
1,02-2025
1,02-2025
1,02-2025
0,02-2025
1,02-2025
1,02-2025
1,02-2025
1,02-2025
1,02-2025
1,02-2025
1,02-2025
1,02-2025
1,02-2025
1,02-2025
1,02-2025
1,02-2025
1,02-2025
0,02-2025
1,02-2025
1,02-2025
1,02-2025
1,02-2025
1,02-2025
1,02-2025
1,02-2025
1,02-2025
1,02-2025
1,02-2025
1,02-2025
1,02-2025
1,02-2025
1,02-2025
1,02-2025
1,02-2025
1,02-2025
1,02-2025
1,02-2025
1,02-2025
1,02-2025
1,02-2025
1,02-2025
1,02-2025
1,02-2025
1,02-2025
1,02-2025
1,02-2025
1,02-2025
1,02-2025
1,02-2025
1,02-2025
1,02-2025
1,02-2025
1,02-2025
1,02-2025
1,02-2025
1,02-2025
1,02-2025
1,02-2025
1,02-2025
0,02-2025
1,02-2025
1,02-2025
1,02-2025
1,02-2025
1,02-2025
1,02-2025
1,02-2025
1,02-2025
1,02-2025
1,02-2025
1,02-2025
1,02-2025
1,02-2025
1,02-2025
1,02-2025
1,02-2025
1,02-2025
1,02-2025
0,02-2025
1,02-2025
1,02-2025
1,02-2025
1,02-2025
1,02-2025
1,02-2025
1,02-2025
1,02-2025
1,02-2025
1,02-2025
1,02-2025
1,02-2025
1,02-2025
1,02-2025
1,02-2025
1,02-2025
1,02-2025
1,02-2025
1,02-2025
1,02-2025
1,02-2025
1,02-2025
1,02-2025
1,02-2025
1,02-2025
0,02-2025
0,02-2025
1,02-2025
1,02-2025
1,02-2025
1,02-2025
1,02-2025
1,02-2025
1,02-2025
1,02-2025
1,02-2025
1,02-2025
1,02-2025
1,02-2025
1,02-2025
1,02-2025
1,02-2025
1,02-2025
1,02-2025
1,02-2025
1,02-2025
1,02-2025
1,02-2025
1,02-2025
0,02-2025
1,02-2025
1,02-2025
1,02-2025
1,02-2025
1,02-2025
1,02-2025
1,02-2025
1,02-2025
1,02-2025
1,02-2025
1,02-2025
1,02-2025
1,02-2025
1,02-2025
1,02-2025
1,02-2025
1,02-2025
1,02-2025
1,02-2025
1,02-2025
0,02-2025
1,02-2025
1,02-2025
1,02-2025
1,02-2025
1,02-2025
1,02-2025
1,02-2025
1,02-2025
1,02-2025
1,02-2025
1,02-2025
1,02-2025
1,02-2025
1,02-2025
1,02-2025
1,02-2025
1,02-2025
1,02-2025
1,02-2025
0,02-2025
1,02-2025
1,02-2025
1,02-2025
1,02-2025
1,02-2025
1,02-2025
1,02-2025
1,02-2025
1,02-2025
1,02-2025
1,02-2025
1,02-2025
1,02-2025
1,02-2025
1,02-2025
1,02-2025
1,02-2025
1,02-2025
1,02-2025
1,02-2025
0,02-2025
1,02-2025
1,02-2025
1,02-2025
1,02-2025
1,02-2025
1,02-2025
1,02-2025
1,02-2025
1,02-2025
1,02-2025
1,02-2025
1,02-2025
1,02-2025
1,02-2025
1,02-2025
1,02-2025
1,02-2025
1,02-2025
1,02-2025
1,02-2025
1,02-2025
1,02-2025
1,02-2025
1,02-2025
1,02-2025
1,02-2025
1,02-2025
1,02-2025
1,02-2025
1,02-2025
1,02-2025
1,02-2025
1,02-2025
1,02-2025
1,02-2025
1,02-2025
1,02-2025
1,02-2025
1,02-2025
1,02-2025
1,02-2025
1,02-2025
1,02-2025
1,02-2025
1,02-2025
1,02-2025
1,02-2025
0,02-2025
1,02-2025
1,02-2025
1,02-2025
1,02-2025
1,02-2025
1,02-2025
1,02-2025
1,02-2025
1,02-2025
1,02-2025
1,02-2025
1,02-2025
1,02-2025
1,02-2025
1,02-2025
1,02-2025
1,02-2025
1,02-2025
1,02-2025
1,02-2025
1,02-2025
1,02-2025
1,02-2025
1,02-2025
1,02-2025
1,02-2025
1,02-2025
1,02-2025
1,02-2025
1,02-2025
1,02-2025
1,02-2025
1,02-2025
1,02-2025
1,02-2025
1,02-2025
1,02-2025
1,02-2025
1,02-2025
1,02-2025
1,02-2025
1,02-2025
1,02-2025
1,02-2025
1,02-2025
1,02-2025
1,02-2025
1,02-2025
1,02-2025
1,02-2025
1,02-2025
1,02-2025
1,02-2025
1,02-2025
1,02-2025
1,02-2025
1,02-2025
1,02-2025
1,02-2025
1,02-2025
1,02-2025
1,02-2025
1,02-2025
1,02-2025
0,02-2025
1,02-2025
1,02-2025
1,02-2025
1,02-2025
1,02-2025
1,02-2025
1,02-2025
1,02-2025
1,02-2025
1,02-2025
1,02-2025
1,02-2025
1,02-2025
1,02-2025
1,02-2025
1,02-2025
1,02-2025
1,02-2025
1,02-2025
1,02-2025
0,02-2025
1,02-2025
1,02-2025
1,02-2025
1,02-2025
1,02-2025
1,02-2025
1,02-2025
1,02-2025
1,02-2025
1,02-2025
1,02-2025
1,02-2025
1,02-2025
1,02-2025
1,02-2025
1,02-2025
1,02-2025
1,02-2025
1,02-2025
1,02-2025
1,02-2025
1,02-2025
1,02-2025
1,02-2025
1,02-2025
1,02-2025
1,02-2025
1,02-2025
1,02-2025
1,02-2025
1,02-2025
1,02-2025
1,02-2025
1,02-2025
1,02-2025
1,02-2025
1,02-2025
1,02-2025
1,02-2025
1,02-2025
1,02-2025
1,02-2025
1,02-2025
1,02-2025
1,02-2025
1,02-2025
1,02-2025
1,02-2025
1,02-2025
1,02-2025
1,02-2025
1,02-2025
1,02-2025
1,02-2025
1,02-2025
1,02-2025
1,02-2025
1,02-2025
1,02-2025
1,02-2025
0,02-2025
1,02-2025
1,02-2025
1,02-2025
1,02-2025
1,02-2025
0,02-2025
1,02-2025
1,02-2025
1,02-2025
1,02-2025
1,02-2025
0,02-2025
1,02-2025
1,02-2025
1,02-2025
1,02-2025
1,02-2025
1,02-2025
1,02-2025
1,02-2025
1,02-2025
1,02-2025
1,02-2025
1,02-2025
1,02-2025
1,02-2025
1,02-2025
1,02-2025
1,02-2025
1,02-2025
1,02-2025
1,02-2025
1,02-2025
1,02-2025
1,02-2025
1,02-2025
1,02-2025
1,02-2025
1,02-2025
1,02-2025
1,02-2025
1,02-2025
1,02-2025
1,02-2025
1,02-2025
1,02-2025
1,02-2025
1,02-2025
1,02-2025
1,02-2025
1,02-2025
1,02-2025
1,02-2025
1,02-2025
1,02-2025
1,02-2025
1,02-2025
1,02-2025
1,02-2025
1,02-2025
1,02-2025
1,02-2025
1,02-2025
1,02-2025
1,02-2025
1,02-2025
1,02-2025
1,02-2025
1,02-2025
1,02-2025
1,02-2025
1,02-2025
1,02-2025
1,02-2025
1,02-2025
1,02-2025
1,02-2025
1,02-2025
1,02-2025
1,02-2025
1,02-2025
1,02-2025
1,02-2025
1,02-2025
1,02-2025
1,02-2025
1,02-2025
1,02-2025
1,02-2025
1,02-2025
1,02-2025
1,02-2025
1,02-2025
1,02-2025
1,02-2025
1,02-2025
1,02-2025
1,02-2025
1,02-2025
1,02-2025
1,02-2025
1,02-2025
1,02-2025
1,02-2025
1,02-2025
1,02-2025
1,02-2025
1,02-2025
1,02-2025
1,02-2025
0,02-2025
1,02-2025
1,02-2025
1,02-2025
1,02-2025
1,02-2025
1,02-2025
1,02-2025
1,02-2025
1,02-2025
1,02-2025
1,02-2025
1,02-2025
1,02-2025
1,02-2025
1,02-2025
0,02-2025
1,02-2025
1,02-2025
1,02-2025
1,02-2025
1,02-2025
1,02-2025
1,02-2025
1,02-2025
1,02-2025
1,02-2025
1,02-2025
1,02-2025
1,02-2025
1,02-2025
1,02-2025
1,02-2025
1,02-2025
1,02-2025
1,02-2025
1,02-2025
1,02-2025
1,02-2025
1,02-2025
1,02-2025
1,02-2025
1,02-2025
1,02-2025
1,02-2025
1,02-2025
1,02-2025
1,02-2025
1,02-2025
1,02-2025
0,02-2025
1,02-2025
1,02-2025
1,02-2025
1,02-2025
0,02-2025
1,02-2025
1,02-2025
1,02-2025
1,02-2025
1,02-2025
1,02-2025
1,02-2025
1,02-2025
1,02-2025
1,02-2025
1,02-2025
1,02-2025
1,02-2025
1,02-2025
1,02-2025
1,02-2025
1,02-2025
1,02-2025
1,02-2025
1,02-2025
1,02-2025
0,02-2025
1,02-2025
1,02-2025
1,02-2025
1,02-2025
1,02-2025
1,02-2025
1,02-2025
1,02-2025
1,02-2025
1,02-2025
0,02-2025
1,02-2025
1,02-2025
1,02-2025
1,02-2025
1,02-2025
1,02-2025
1,02-2025
1,02-2025
1,02-2025
1,02-2025
1,02-2025
1,02-2025
1,02-2025
0,02-2025
1,02-2025
1,02-2025
1,02-2025
1,02-2025
1,02-2025
1,02-2025
1,02-2025
0,02-2025
1,02-2025
1,02-2025
1,02-2025
1,02-2025
1,02-2025
1,02-2025
1,02-2025
1,02-2025
1,02-2025
1,02-2025
1,02-2025
1,02-2025
1,02-2025
1,02-2025
1,02-2025
1,02-2025
1,02-2025
1,02-2025
1,02-2025
1,02-2025
1,02-2025
1,02-2025
1,02-2025
1,02-2025
1,02-2025
1,02-2025
1,02-2025
1,02-2025
1,02-2025
1,02-2025
1,02-2025
1,02-2025
1,02-2025
1,02-2025
1,02-2025
1,02-2025
1,02-2025
1,02-2025
1,02-2025
1,02-2025
1,02-2025
1,02-2025
1,02-2025
1,02-2025
1,02-2025
1,02-2025
1,02-2025
1,02-2025
1,02-2025
1,02-2025
1,02-2025
1,02-2025
1,02-2025
1,02-2025
1,02-2025
1,02-2025
1,02-2025
1,02-2025
1,02-2025
1,02-2025
1,02-2025
1,02-2025
1,02-2025
1,02-2025
1,02-2025
1,02-2025
1,02-2025
1,02-2025
1,02-2025
1,02-2025
1,02-2025
1,02-2025
1,02-2025
1,02-2025
1,02-2025
0,02-2025
1,02-2025
1,02-2025
1,02-2025
1,02-2025
1,02-2025
1,02-2025
1,02-2025
1,02-2025
1,02-2025
1,02-2025
1,02-2025
1,02-2025
1,02-2025
1,02-2025
1,02-2025
1,02-2025
1,02-2025
1,02-2025
1,02-2025
1,02-2025
1,02-2025
1,02-2025
1,02-2025
1,02-2025
1,02-2025
1,02-2025
1,02-2025
1,02-2025
1,02-2025
1,02-2025
1,02-2025
1,02-2025
1,02-2025
1,02-2025
1,02-2025
1,02-2025
1,02-2025
1,02-2025
1,02-2025
1,02-2025
1,02-2025
1,02-2025
0,02-2025
1,02-2025
1,02-2025
1,02-2025
0,02-2025
1,02-2025
1,02-2025
1,02-2025
1,02-2025
1,02-2025
1,02-2025
1,02-2025
1,02-2025
1,02-2025
1,02-2025
1,02-2025
1,02-2025
1,02-2025
1,02-2025
1,02-2025
1,02-2025
1,02-2025
1,02-2025
1,02-2025
1,02-2025
1,02-2025
1,02-2025
1,02-2025
1,02-2025
1,02-2025
1,02-2025
1,02-2025
1,02-2025
1,02-2025
1,02-2025
1,02-2025
1,02-2025
1,02-2025
1,02-2025
1,02-2025
1,02-2025
1,02-2025
1,02-2025
1,02-2025
1,02-2025
1,02-2025
1,02-2025
1,02-2025
1,02-2025
1,02-2025
1,02-2025
1,02-2025
1,02-2025
1,02-2025
1,02-2025
1,02-2025
1,02-2025
1,02-2025
1,02-2025
1,02-2025
1,02-2025
1,02-2025
1,02-2025
1,02-2025
1,02-2025
1,02-2025
1,02-2025
0,02-2025
1,02-2025
1,02-2025
1,02-2025
1,02-2025
1,02-2025
1,02-2025
1,02-2025
0,02-2025
1,02-2025
1,02-2025
1,02-2025
1,02-2025
1,02-2025
1,02-2025
1,02-2025
1,02-2025
1,02-2025
1,02-2025
1,02-2025
0,02-2025
1,02-2025
0,02-2025
1,02-2025
1,02-2025
1,02-2025
1,02-2025
1,02-2025
1,02-2025
1,02-2025
1,02-2025
1,02-2025
1,02-2025
1,02-2025
1,02-2025
1,02-2025
1,02-2025
1,02-2025
1,02-2025
1,02-2025
1,02-2025
1,02-2025
1,02-2025
1,02-2025
1,02-2025
1,02-2025
1,02-2025
1,02-2025
1,02-2025
1,02-2025
1,02-2025
1,02-2025
1,02-2025
1,02-2025
1,02-2025
1,02-2025
1,02-2025
1,02-2025
1,02-2025
1,02-2025
1,02-2025
1,02-2025
1,02-2025
1,02-2025
1,02-2025
1,02-2025
1,02-2025
0,02-2025
1,02-2025
1,02-2025
1,02-2025
1,02-2025
1,02-2025
1,02-2025
1,02-2025
1,02-2025
1,02-2025
0,02-2025
1,02-2025
1,02-2025
1,02-2025
1,02-2025
1,02-2025
1,02-2025
1,02-2025
1,02-2025
1,02-2025
1,02-2025
1,02-2025
1,02-2025
0,02-2025
1,02-2025
1,02-2025
1,02-2025
1,02-2025
1,02-2025
1,02-2025
1,02-2025
1,02-2025
1,02-2025
1,02-2025
0,02-2025
1,02-2025
1,02-2025
1,02-2025
1,02-2025
1,02-2025
1,02-2025
1,02-2025
1,02-2025
1,02-2025
1,02-2025
1,02-2025
1,02-2025
1,02-2025
1,02-2025
1,02-2025
1,02-2025
1,02-2025
1,02-2025
0,02-2025
1,02-2025
1,02-2025
1,02-2025
1,02-2025
1,02-2025
1,02-2025
1,02-2025
1,02-2025
1,02-2025
1,02-2025
1,02-2025
1,02-2025
1,02-2025
1,02-2025
1,02-2025
1,02-2025
1,02-2025
1,02-2025
1,02-2025
0,02-2025
1,02-2025
1,02-2025
1,02-2025
1,02-2025
1,02-2025
1,02-2025
1,02-2025
1,02-2025
1,02-2025
1,02-2025
1,02-2025
1,02-2025
1,02-2025
1,02-2025
1,02-2025
