order_release_id,order_line_id,return_type,return_date,packing_date,delivery_date,customer_paid_amount,postpaid_amount,prepaid_amount,mrp,total_discount_amount,total_settlement,total_actual_settlement,amount_pending_settlement,source_file
8302720103,10302691410,return_refund,2/9/25 9:17,2/2/25 10:48,,798.998,793.86,5.14,1899,1100,-747.412,-747.412,0,2025-02
8312052115,10312023504,return_refund,2/16/25 7:54,2/8/25 18:18,3/9/21,949.001,65.0,884.0,2899,1950,-846.403,-846.403,0,2025-02
8298593399,10298564693,return_refund,2/3/25 7:58,1/29/25 23:47,2/21/21,798.998,259.58,539.42,1549,750,-723.811,-723.811,0,2025-02
8291556012,10291527227,return_refund,1/29/25 15:28,1/23/25 20:42,,798.998,799.0,0.0,2599,1800,-747.411,-747.411,0,2025-02
8297959962,10297931253,return_refund,2/1/25 5:48,1/29/25 0:07,2/17/21,949.001,48.0,901.0,2899,1950,-870.004,-870.004,0,2025-02
8320084056,10320055523,return_refund,2/18/25 10:50,2/14/25 3:54,,798.998,15.0,784.0,2299,1500,-723.812,-723.812,0,2025-02
8306183121,10306154439,return_refund,2/12/25 6:31,2/4/25 14:45,3/2/21,798.998,0.0,799.0,1899,1100,-747.411,-747.411,0,2025-02
8290894746,10290865948,return_refund,1/29/25 8:52,1/23/25 9:32,,599.004,0.0,599.0,1399,800,-583.955,-583.955,0,2025-02
8296009650,10295980913,return_refund,2/4/25 11:32,1/27/25 7:34,2/12/21,798.998,799.0,0.0,2599,1800,-747.411,-747.411,0,2025-02
8316511689,10316483128,return_refund,2/14/25 7:45,2/11/25 14:42,,798.998,0.0,799.0,2299,1500,-747.411,-747.411,0,2025-02
8317506273,10317477722,return_refund,2/14/25 7:22,2/12/25 4:54,,599.004,0.0,599.0,1399,800,-583.955,-583.955,0,2025-02
8290304699,10290275897,return_refund,1/23/25 13:24,1/23/25 0:58,2/6/21,799.008,0.0,799.0,2299,1500,-712.011,-712.011,0,2025-02
8296830244,10296801520,return_refund,2/2/25 10:09,1/28/25 2:35,,799.008,0.0,799.0,1549,750,-712.011,-712.011,0,2025-02
8313079575,10313050975,return_refund,2/17/25 10:40,2/9/25 22:31,3/9/21,599.004,60.0,539.0,1499,900,-601.654,-601.654,0,2025-02
8305086319,10305057637,return_refund,2/6/25 8:16,2/3/25 18:14,2/27/21,798.998,686.18,112.82,2599,1800,-723.811,-723.811,0,2025-02
8298969374,10298940671,return_refund,2/4/25 16:47,1/30/25 2:19,,599.004,0.0,599.0,1499,900,-601.655,-601.655,0,2025-02
8320115364,10320086834,return_refund,2/20/25 5:50,2/14/25 1:59,,799.008,799.0,0.0,2599,1800,-712.011,-712.011,0,2025-02
8273526869,10273497735,return_refund,2/1/25 9:21,1/11/25 9:40,,499.002,499.0,0.0,1499,1000,-519.926,-519.926,0,2025-02
8288193012,10288164181,return_refund,1/25/25 10:40,1/21/25 3:06,,798.998,0.0,799.0,1549,750,-723.811,-723.811,0,2025-02
8308794022,10308765377,return_refund,2/9/25 7:05,2/6/25 17:54,3/9/21,798.998,799.0,0.0,2899,2100,-723.811,-723.811,0,2025-02
8313463518,10313434919,exchange,2/11/25 14:33,2/9/25 15:30,3/8/21,798.998,77.0,722.0,2499,1700,-712.011,-712.011,0,2025-02
8290709038,10290680238,return_refund,1/31/25 5:42,1/23/25 16:35,2/5/21,798.998,0.0,799.0,1549,750,-747.411,-747.411,0,2025-02
8313724207,10313695609,return_refund,2/16/25 11:51,2/10/25 14:15,3/14/21,999.002,100.0,899.0,2899,1900,-887.269,-887.269,0,2025-02
8313523145,10313494545,exchange,2/10/25 11:59,2/10/25 1:29,,799.008,0.0,799.0,2599,1800,-712.011,-712.011,0,2025-02
8292299332,10292270558,exchange,1/25/25 15:04,1/24/25 14:51,2/10/21,949.001,0.0,949.0,2899,1950,-846.404,-846.404,0,2025-02
8310430673,10310402048,return_refund,2/9/25 8:22,2/7/25 18:14,3/6/21,799.008,0.0,799.0,1549,750,-712.011,-712.011,0,2025-02
8298518502,10298489794,return_refund,2/2/25 7:29,1/29/25 16:39,2/15/21,599.004,599.0,0.0,1499,900,-601.655,-601.655,0,2025-02
8293304335,10293275579,return_refund,1/30/25 7:28,1/25/25 12:14,2/11/21,698.9960000000001,0.0,699.0,1399,700,-665.682,-665.682,0,2025-02
8303811770,10303783079,return_refund,2/9/25 12:58,2/2/25 22:15,2/25/21,949.001,0.0,949.0,2899,1950,-870.004,-870.004,0,2025-02
8316387842,10316359281,return_refund,2/13/25 8:33,2/11/25 11:54,3/17/21,798.998,0.0,799.0,2599,1800,-723.811,-723.811,0,2025-02
8288841252,10288812435,return_refund,1/23/25 11:46,1/21/25 19:57,,798.998,67.0,732.0,2599,1800,-747.411,-747.411,0,2025-02
8294782664,10294753921,return_refund,1/31/25 6:29,1/26/25 15:44,,599.004,599.0,0.0,1499,900,-601.655,-601.655,0,2025-02
8287154024,10287125171,return_refund,1/25/25 14:59,1/20/25 3:29,2/5/21,798.998,65.0,734.0,2599,1800,-747.411,-747.411,0,2025-02
8319239711,10319211168,return_refund,2/18/25 3:36,2/13/25 13:34,3/20/21,698.9960000000001,0.0,699.0,1499,800,-642.082,-642.082,0,2025-02
8320244951,10320216423,return_refund,2/25/25 7:40,2/14/25 5:15,3/24/21,949.001,190.0,759.0,2899,1950,-846.404,-846.404,0,2025-02
8311287963,10311259343,return_refund,2/11/25 14:10,2/8/25 13:57,3/9/21,949.001,40.0,909.0,2899,1950,-846.404,-846.404,0,2025-02
8303829197,10303800507,return_refund,2/12/25 15:03,2/3/25 0:08,,848.999,42.0,807.0,1799,950,-805.975,-805.975,0,2025-02
8290359538,10290330736,return_refund,1/28/25 11:56,1/23/25 4:41,2/6/21,848.999,0.0,849.0,2699,1850,-776.475,-776.475,0,2025-02
8322277912,10322249424,return_refund,2/18/25 6:42,2/16/25 2:49,3/23/21,949.001,15.0,934.0,2899,1950,-834.604,-834.604,0,2025-02
8291836669,10291807887,return_refund,1/29/25 14:45,1/24/25 2:52,,949.001,0.0,949.0,2899,1950,-846.404,-846.404,0,2025-02
8298134360,10298105651,return_refund,2/11/25 7:57,1/29/25 9:59,2/15/21,599.004,455.68,143.32,1499,900,-572.155,-572.155,0,2025-02
8295501773,10295473033,return_refund,2/3/25 14:58,1/26/25 21:47,2/13/21,999.002,999.0,0.0,3099,2100,-887.269,-887.269,0,2025-02
8316799246,10316770685,return_refund,2/16/25 15:18,2/11/25 16:47,,599.004,0.0,599.0,1799,1200,-583.955,-583.955,0,2025-02
8301123399,10301094704,return_refund,2/4/25 10:07,1/31/25 22:07,2/20/21,899.0,0.0,899.0,2899,2000,-846.84,-846.84,0,2025-02
8311085509,10311056889,return_refund,2/11/25 14:23,2/8/25 1:47,3/12/21,798.998,48.0,751.0,2299,1500,-747.411,-747.411,0,2025-02
8283703023,10283674086,return_refund,1/24/25 9:57,1/18/25 20:27,1/28/21,798.998,0.0,799.0,2599,1800,-723.811,-723.811,0,2025-02
8311923162,10311894551,return_refund,2/10/25 12:47,2/8/25 21:01,3/8/21,798.998,80.0,719.0,2599,1800,-747.411,-747.411,0,2025-02
8311887743,10311859131,return_refund,2/13/25 11:45,2/8/25 16:07,,798.998,35.0,764.0,1899,1100,-747.411,-747.411,0,2025-02
8291291143,10291262349,return_refund,1/30/25 9:35,1/23/25 17:51,2/10/21,599.0039999999999,0.0,599.0,2299,1700,-560.355,-560.355,0,2025-02
8298380936,10298352227,exchange,2/2/25 14:11,1/29/25 15:29,2/15/21,599.004,599.0,0.0,1499,900,-601.655,-601.655,0,2025-02
8317017269,10316988709,return_refund,2/15/25 12:35,2/11/25 21:32,3/13/21,699.0060000000001,0.0,699.0,1399,700,-642.082,-642.082,0,2025-02
8310061707,10310033076,exchange,2/9/25 16:50,2/7/25 17:18,3/9/21,949.001,0.0,949.0,2899,1950,-870.004,-870.004,0,2025-02
8311704229,10311675617,return_refund,2/11/25 8:45,2/8/25 14:43,,799.008,80.0,719.0,1549,750,-712.011,-712.011,0,2025-02
8315994413,10315965847,return_refund,2/13/25 6:40,2/11/25 1:55,,998.992,0.0,999.0,2899,1900,-887.269,-887.269,0,2025-02
8300889980,10300861285,return_refund,2/5/25 4:11,2/1/25 9:51,2/23/21,999.002,0.0,999.0,2899,1900,-899.069,-899.069,0,2025-02
8300062584,10300033888,return_refund,2/2/25 7:34,1/31/25 0:33,2/18/21,599.004,599.0,0.0,1499,900,-601.655,-601.655,0,2025-02
8308324764,10308296104,return_refund,2/9/25 13:21,2/6/25 16:00,3/2/21,599.004,90.0,509.0,1499,900,-572.153,-572.153,0,2025-02
8314027371,10313998774,return_refund,2/13/25 8:24,2/10/25 3:45,,949.001,0.0,949.0,2899,1950,-846.404,-846.404,0,2025-02
8306594866,10306566187,exchange,2/6/25 17:15,2/5/25 1:09,3/2/21,599.0039999999999,0.0,599.0,1499,900,-572.155,-572.155,0,2025-02
8296901967,10296873245,exchange,1/29/25 16:41,1/28/25 0:19,,698.9960000000001,0.0,699.0,1399,700,-642.082,-642.082,0,2025-02
8320862113,10320833609,exchange,2/15/25 10:47,2/14/25 21:41,3/25/21,649.006,0.0,649.0,1599,950,-589.419,-589.419,0,2025-02
8290470205,10290441404,return_refund,1/26/25 7:28,1/22/25 23:40,2/8/21,949.001,0.0,949.0,2899,1950,-870.004,-870.004,0,2025-02
8287983631,10287954797,exchange,1/24/25 10:54,1/21/25 2:16,2/4/21,698.9960000000001,70.0,629.0,1399,700,-642.083,-642.083,0,2025-02
8291726700,10291697916,return_refund,1/27/25 8:52,1/24/25 0:08,2/5/21,599.0039999999999,0.0,599.0,1399,800,-548.555,-548.555,0,2025-02
8309183419,10309154777,return_refund,2/11/25 6:53,2/7/25 1:07,3/10/21,698.9960000000001,0.0,699.0,1399,700,-642.082,-642.082,0,2025-02
8314659325,10314630729,return_refund,2/16/25 8:01,2/10/25 3:34,,599.004,60.0,539.0,1499,900,-572.154,-572.154,0,2025-02
8311364402,10311335784,return_refund,2/11/25 8:14,2/8/25 10:18,3/11/21,599.0039999999999,0.0,599.0,1399,800,-548.555,-548.555,0,2025-02
8295920929,10295892191,return_refund,1/30/25 13:06,1/27/25 12:23,2/14/21,599.004,83.0,516.0,1499,900,-572.155,-572.155,0,2025-02
8299471104,10299442402,return_refund,2/10/25 8:39,1/30/25 15:57,2/22/21,798.998,12.0,787.0,2899,2100,-747.411,-747.411,0,2025-02
8315597923,10315569350,return_refund,2/18/25 7:35,2/10/25 22:50,,999.002,0.0,999.0,3099,2100,-910.869,-910.869,0,2025-02
8300536286,10300507590,return_refund,2/4/25 12:40,1/31/25 14:19,2/21/21,999.002,0.0,999.0,2899,1900,-910.869,-910.869,0,2025-02
8313079576,10313050976,return_refund,2/17/25 10:17,2/9/25 22:31,3/11/21,599.004,60.0,539.0,1499,900,-601.654,-601.654,0,2025-02
8307284866,10307256193,return_refund,2/12/25 9:47,2/5/25 15:11,3/7/21,798.998,799.0,0.0,2299,1500,-723.811,-723.811,0,2025-02
8296346667,10296317932,return_refund,1/30/25 8:11,1/27/25 23:23,,949.001,0.0,949.0,2899,1950,-846.404,-846.404,0,2025-02
8318992840,10318964295,return_refund,2/15/25 5:26,2/12/25 18:48,,649.005,0.0,649.0,1599,950,-624.819,-624.819,0,2025-02
8292259220,10292230446,return_refund,2/6/25 9:28,1/24/25 14:44,2/12/21,698.9960000000001,699.0,0.0,1399,700,-665.682,-665.682,0,2025-02
8315112885,10315084305,return_refund,2/17/25 9:30,2/10/25 15:09,3/15/21,949.001,0.0,949.0,2899,1950,-846.404,-846.404,0,2025-02
8317253000,10317224449,return_refund,2/18/25 11:40,2/12/25 5:21,,599.004,0.0,599.0,2299,1700,-601.655,-601.655,0,2025-02
8307883141,10307854471,exchange,2/8/25 14:53,2/6/25 1:22,,698.9960000000001,0.0,699.0,1399,700,-665.682,-665.682,0,2025-02
8321478013,10321449520,return_refund,2/17/25 7:55,2/15/25 16:20,,998.992,0.0,999.0,3099,2100,-875.469,-875.469,0,2025-02
8287354887,10287326036,return_refund,1/23/25 7:24,1/20/25 11:51,2/2/21,999.002,0.0,999.0,2899,1900,-928.569,-928.569,0,2025-02
8303238343,10303209651,return_refund,2/21/25 12:18,2/2/25 12:53,,599.004,599.0,0.0,1499,900,-601.655,-601.655,0,2025-02
8292583397,10292554624,return_refund,1/28/25 13:33,1/24/25 22:00,,599.004,0.0,599.0,1499,900,-601.655,-601.655,0,2025-02
8291231355,10291202561,exchange,1/25/25 11:36,1/23/25 15:36,,799.008,0.0,799.0,2699,1900,-712.011,-712.011,0,2025-02
8293166965,10293138206,return_refund,2/4/25 7:37,1/25/25 4:29,2/8/21,998.992,0.0,999.0,2899,1900,-887.269,-887.269,0,2025-02
8297234189,10297205473,return_refund,2/2/25 10:57,1/28/25 12:31,2/15/21,799.008,27.0,772.0,1899,1100,-712.011,-712.011,0,2025-02
8293171973,10293143214,return_refund,1/31/25 12:36,1/25/25 3:57,2/12/21,949.001,949.0,0.0,2899,1950,-870.004,-870.004,0,2025-02
8301110516,10301081821,return_refund,2/3/25 14:40,2/1/25 1:44,,798.998,0.0,799.0,2699,1900,-712.011,-712.011,0,2025-02
8297035841,10297007123,return_refund,2/3/25 9:14,1/28/25 3:02,2/15/21,599.0039999999999,0.0,599.0,1499,900,-560.355,-560.355,0,2025-02
8314659322,10314630726,return_refund,2/16/25 8:00,2/10/25 3:34,3/13/21,599.004,60.0,539.0,1499,900,-572.154,-572.154,0,2025-02
8281548517,10281519520,return_refund,1/22/25 4:35,1/17/25 3:23,,949.001,949.0,0.0,2899,1950,-870.004,-870.004,0,2025-02
8292440331,10292411558,return_refund,1/29/25 9:32,1/24/25 16:33,2/10/21,949.001,0.0,949.0,2899,1950,-870.004,-870.004,0,2025-02
8294480125,10294451378,return_refund,1/27/25 9:51,1/26/25 3:50,,599.004,0.0,599.0,1799,1200,-560.355,-560.355,0,2025-02
8309459404,10309430765,return_refund,2/12/25 13:31,2/7/25 11:29,3/6/21,599.004,62.0,537.0,1499,900,-572.155,-572.155,0,2025-02
8309594057,10309565418,return_refund,2/13/25 13:16,2/7/25 0:46,,748.9970000000001,0.0,749.0,2599,1850,-706.547,-706.547,0,2025-02
8310720155,10310691532,return_refund,2/15/25 6:22,2/7/25 23:09,3/8/21,949.001,0.0,949.0,2899,1950,-870.004,-870.004,0,2025-02
8321029281,10321000779,return_refund,2/16/25 6:32,2/14/25 23:00,,599.0039999999999,0.0,599.0,1399,800,-548.555,-548.555,0,2025-02
8312154683,10312126074,return_refund,2/14/25 13:36,2/9/25 1:46,3/10/21,948.99,95.0,854.0,2899,1950,-834.605,-834.605,0,2025-02
8297107045,10297078328,return_refund,2/1/25 7:13,1/28/25 15:39,2/20/21,748.9970000000001,58.0,691.0,2299,1550,-682.948,-682.948,0,2025-02
8285560208,10285531316,return_refund,1/27/25 13:31,1/19/25 14:34,2/3/21,629.0029999999999,0.0,629.0,1399,770,-608.473,-608.473,0,2025-02
8294566202,10294537456,return_refund,2/11/25 8:38,1/26/25 10:14,2/12/21,599.004,599.0,0.0,1399,800,-560.355,-560.355,0,2025-02
8299236332,10299207630,return_refund,2/4/25 12:18,1/30/25 11:45,2/16/21,849.0100000000001,0.0,849.0,2699,1850,-776.475,-776.475,0,2025-02
8313005114,10312976514,return_refund,2/13/25 9:26,2/9/25 9:20,3/9/21,798.998,120.0,679.0,2699,1900,-723.812,-723.812,0,2025-02
8291644209,10291615425,return_refund,1/27/25 11:12,1/23/25 23:24,,949.001,0.0,949.0,2899,1950,-870.004,-870.004,0,2025-02
8312831670,10312803066,return_refund,2/20/25 10:40,2/9/25 3:15,3/15/21,599.004,45.0,554.0,1399,800,-583.954,-583.954,0,2025-02
8291331345,10291302553,return_refund,1/27/25 7:42,1/23/25 17:23,,848.999,849.0,0.0,2699,1850,-776.475,-776.475,0,2025-02
8308464070,10308435419,return_refund,2/9/25 8:22,2/6/25 11:45,3/9/21,649.005,0.0,649.0,1699,1050,-624.819,-624.819,0,2025-02
8295551849,10295523109,return_refund,1/31/25 7:47,1/27/25 13:48,2/18/21,698.9960000000001,66.0,633.0,1399,700,-642.083,-642.083,0,2025-02
8293002729,10292973970,return_refund,1/29/25 9:46,1/25/25 0:12,2/11/21,599.004,599.0,0.0,1799,1200,-548.555,-548.555,0,2025-02
8297118906,10297090188,return_refund,1/31/25 5:36,1/28/25 9:45,2/13/21,599.004,0.0,599.0,1499,900,-572.155,-572.155,0,2025-02
8318174895,10318146338,return_refund,2/15/25 13:09,2/12/25 15:15,3/16/21,599.004,0.0,599.0,1499,900,-572.155,-572.155,0,2025-02
8319955513,10319926980,return_refund,2/21/25 7:20,2/13/25 22:19,3/23/21,948.99,0.0,949.0,2899,1950,-834.604,-834.604,0,2025-02
8291527933,10291499148,return_refund,1/26/25 9:41,1/23/25 23:53,2/7/21,798.998,735.04,63.96,2499,1700,-723.811,-723.811,0,2025-02
8318301756,10318273199,exchange,2/14/25 11:37,2/12/25 16:46,3/19/21,899.0,0.0,899.0,2899,2000,-846.84,-846.84,0,2025-02
8316121664,10316093098,return_refund,2/14/25 12:07,2/11/25 8:55,3/18/21,798.998,0.0,799.0,1549,750,-723.811,-723.811,0,2025-02
8291235805,10291207011,return_refund,1/26/25 10:58,1/23/25 22:11,2/12/21,798.998,799.0,0.0,1549,750,-723.811,-723.811,0,2025-02
8301740541,10301711847,return_refund,2/9/25 7:36,2/1/25 12:11,2/20/21,599.004,0.0,599.0,1499,900,-572.155,-572.155,0,2025-02
8319151867,10319123323,return_refund,2/17/25 10:47,2/13/25 3:57,3/19/21,599.004,0.0,599.0,1399,800,-548.555,-548.555,0,2025-02
8310211821,10310183195,return_refund,2/9/25 12:40,2/7/25 19:22,3/3/21,799.008,0.0,799.0,1549,750,-712.011,-712.011,0,2025-02
8303272324,10303243633,return_refund,2/18/25 9:32,2/2/25 13:24,2/23/21,798.998,225.0,574.0,2599,1800,-723.812,-723.812,0,2025-02
8302738823,10302710130,exchange,2/3/25 17:43,2/2/25 1:25,2/25/21,599.004,0.0,599.0,1799,1200,-583.955,-583.955,0,2025-02
8286714893,10286686036,return_refund,2/5/25 8:11,1/20/25 1:48,1/30/21,757.995,0.0,758.0,2299,1541,-713.902,-713.902,0,2025-02
8279450343,10279421304,return_refund,1/22/25 15:27,1/15/25 11:57,1/28/21,727.9970000000001,0.0,728.0,2699,1971,-689.384,-689.384,0,2025-02
8302577865,10302549172,return_refund,2/6/25 8:18,2/2/25 0:33,2/21/21,798.998,0.0,799.0,2299,1500,-747.411,-747.411,0,2025-02
8311311657,10311283037,return_refund,2/12/25 6:22,2/8/25 2:43,3/9/21,798.998,0.0,799.0,1899,1100,-747.411,-747.411,0,2025-02
8321477683,10321449190,return_refund,2/19/25 7:24,2/15/25 16:06,3/21/21,499.002,0.0,499.0,1199,700,-490.426,-490.426,0,2025-02
8296954069,10296925351,exchange,1/29/25 12:22,1/28/25 1:28,2/17/21,999.002,0.0,999.0,3099,2100,-887.269,-887.269,0,2025-02
8306602896,10306574217,exchange,2/7/25 12:23,2/4/25 22:37,,698.9960000000001,699.0,0.0,1399,700,-642.082,-642.082,0,2025-02
8310415545,10310386920,return_refund,2/13/25 14:36,2/7/25 16:46,3/8/21,599.004,0.0,599.0,1499,900,-601.655,-601.655,0,2025-02
8283581290,10283552354,return_refund,1/26/25 15:48,1/18/25 4:17,1/30/21,599.004,599.0,0.0,1499,900,-572.155,-572.155,0,2025-02
8291247895,10291219101,return_refund,1/31/25 12:16,1/23/25 15:19,2/8/21,599.004,0.0,599.0,1799,1200,-548.555,-548.555,0,2025-02
8297429848,10297401134,return_refund,1/31/25 12:59,1/28/25 16:14,2/17/21,798.998,0.0,799.0,1899,1100,-747.411,-747.411,0,2025-02
8307793343,10307764673,return_refund,2/12/25 9:26,2/5/25 21:35,,599.004,599.0,0.0,1399,800,-560.355,-560.355,0,2025-02
8304679357,10304650674,return_refund,2/8/25 9:12,2/3/25 11:46,3/2/21,798.998,799.0,0.0,1549,750,-747.411,-747.411,0,2025-02
8308482360,10308453709,return_refund,2/9/25 13:06,2/6/25 12:55,3/1/21,899.0,899.0,0.0,2899,2000,-829.14,-829.14,0,2025-02
8305459850,10305431170,exchange,2/5/25 14:55,2/3/25 23:36,3/1/21,599.004,0.0,599.0,1499,900,-572.155,-572.155,0,2025-02
8315274793,10315246215,exchange,2/13/25 10:38,2/10/25 20:05,3/13/21,799.008,64.0,735.0,2599,1800,-723.811,-723.811,0,2025-02
8319421147,10319392605,exchange,2/14/25 13:00,2/13/25 17:53,3/20/21,948.99,949.0,0.0,2899,1950,-834.604,-834.604,0,2025-02
8320822659,10320794154,return_refund,2/17/25 12:00,2/14/25 21:25,,649.005,0.0,649.0,1699,1050,-589.419,-589.419,0,2025-02
8323414529,10323386052,return_refund,2/19/25 5:14,2/16/25 23:33,3/22/21,599.0039999999999,0.0,599.0,1399,800,-548.555,-548.555,0,2025-02
8295136317,10295107575,return_refund,1/28/25 12:02,1/26/25 22:51,2/13/21,799.008,0.0,799.0,1899,1100,-712.011,-712.011,0,2025-02
8293172801,10293144042,exchange,1/27/25 15:33,1/25/25 9:39,2/11/21,698.9960000000001,0.0,699.0,1399,700,-642.082,-642.082,0,2025-02
8294480321,10294451574,return_refund,1/29/25 10:43,1/26/25 2:21,,599.004,0.0,599.0,1499,900,-572.155,-572.155,0,2025-02
8318114769,10318086221,return_refund,2/16/25 8:39,2/12/25 14:14,3/20/21,599.004,0.0,599.0,1499,900,-601.655,-601.655,0,2025-02
8302480055,10302451362,return_refund,2/5/25 7:46,2/2/25 2:05,2/27/21,698.9960000000001,0.0,699.0,1399,700,-642.082,-642.082,0,2025-02
8292775401,10292746629,return_refund,1/28/25 16:50,1/25/25 1:23,2/11/21,649.005,0.0,649.0,1699,1050,-601.219,-601.219,0,2025-02
8293654487,10293625733,return_refund,1/28/25 7:44,1/25/25 14:37,2/11/21,798.998,93.0,706.0,1899,1100,-723.811,-723.811,0,2025-02
8298930514,10298901811,return_refund,2/2/25 12:50,1/30/25 4:10,,599.004,599.0,0.0,1499,900,-572.155,-572.155,0,2025-02
8298011646,10297982937,return_refund,1/31/25 7:23,1/29/25 1:22,,999.002,0.0,999.0,3099,2100,-910.869,-910.869,0,2025-02
8283068328,10283039373,exchange,1/21/25 16:09,1/18/25 1:55,1/24/21,698.9960000000001,280.0,419.0,1399,700,-642.083,-642.083,0,2025-02
8314521402,10314492806,return_refund,2/13/25 11:41,2/10/25 13:21,,499.002,50.0,449.0,1199,700,-490.425,-490.425,0,2025-02
8310083465,10310054835,return_refund,2/10/25 5:26,2/7/25 15:50,,848.999,0.0,849.0,2699,1850,-805.975,-805.975,0,2025-02
8314331123,10314302527,exchange,2/11/25 16:53,2/10/25 1:55,3/15/21,799.008,0.0,799.0,2499,1700,-723.811,-723.811,0,2025-02
8293743275,10293714522,return_refund,1/28/25 5:05,1/25/25 18:10,2/11/21,799.008,116.0,683.0,1899,1100,-712.013,-712.013,0,2025-02
8310562740,10310534118,return_refund,2/13/25 8:14,2/7/25 21:06,3/8/21,949.001,0.0,949.0,2899,1950,-870.004,-870.004,0,2025-02
8302739340,10302710647,return_refund,2/4/25 7:27,2/2/25 1:00,2/25/21,649.005,649.0,0.0,1699,1050,-624.819,-624.819,0,2025-02
8298159577,10298130868,return_refund,2/11/25 9:15,1/29/25 10:01,2/18/21,599.004,599.0,0.0,1499,900,-601.655,-601.655,0,2025-02
8294413544,10294384794,exchange,1/28/25 13:46,1/26/25 3:01,2/16/21,949.001,0.0,949.0,2899,1950,-846.404,-846.404,0,2025-02
8310477673,10310449048,return_refund,2/11/25 7:23,2/7/25 20:29,,798.998,0.0,799.0,1899,1100,-723.811,-723.811,0,2025-02
8308998849,10308970206,exchange,2/11/25 11:36,2/7/25 1:10,3/2/21,798.998,799.0,0.0,2699,1900,-747.411,-747.411,0,2025-02
8317045643,10317017083,return_refund,2/15/25 10:22,2/11/25 23:14,,798.998,799.0,0.0,2499,1700,-723.811,-723.811,0,2025-02
8317290392,10317261841,return_refund,2/17/25 15:51,2/12/25 1:07,,798.998,33.0,766.0,2299,1500,-747.411,-747.411,0,2025-02
8305346788,10305318107,return_refund,2/5/25 9:03,2/4/25 0:24,2/26/21,899.01,0.0,899.0,2899,2000,-805.54,-805.54,0,2025-02
8315560326,10315531752,return_refund,2/12/25 11:27,2/10/25 23:35,,599.0039999999999,0.0,599.0,1499,900,-560.355,-560.355,0,2025-02
8295910904,10295882166,return_refund,1/31/25 10:27,1/27/25 19:42,2/16/21,599.004,599.0,0.0,1399,800,-560.355,-560.355,0,2025-02
8285988031,10285959159,return_refund,1/24/25 7:35,1/19/25 16:38,2/1/21,798.998,0.0,799.0,1899,1100,-723.811,-723.811,0,2025-02
8301110514,10301081819,exchange,2/1/25 17:52,2/1/25 1:44,,798.998,0.0,799.0,2699,1900,-712.011,-712.011,0,2025-02
8307702143,10307673473,return_refund,2/10/25 10:18,2/5/25 21:26,,949.001,949.0,0.0,2899,1950,-870.004,-870.004,0,2025-02
8311869292,10311840681,return_refund,2/10/25 11:49,2/8/25 15:02,3/10/21,599.004,107.0,492.0,2299,1700,-572.153,-572.153,0,2025-02
8308571045,10308542398,return_refund,2/9/25 12:41,2/6/25 13:09,,848.999,0.0,849.0,2699,1850,-776.475,-776.475,0,2025-02
8318021207,10317992658,exchange,2/13/25 13:29,2/12/25 14:14,,799.008,0.0,799.0,2299,1500,-712.011,-712.011,0,2025-02
8290454069,10290425268,return_refund,2/7/25 13:27,1/22/25 22:21,,798.998,76.0,723.0,2499,1700,-747.411,-747.411,0,2025-02
8303962357,10303933669,return_refund,2/5/25 8:11,2/3/25 13:03,3/1/21,599.004,90.0,509.0,1499,900,-601.653,-601.653,0,2025-02
8308034569,10308005900,return_refund,2/9/25 10:53,2/6/25 16:49,3/4/21,798.998,488.64,310.36,2599,1800,-723.811,-723.811,0,2025-02
8288479935,10288451110,return_refund,1/30/25 11:35,1/21/25 12:09,2/2/21,599.004,599.0,0.0,1799,1200,-583.955,-583.955,0,2025-02
8287634509,10287605669,return_refund,2/3/25 15:04,1/20/25 16:48,,949.001,0.0,949.0,2899,1950,-870.004,-870.004,0,2025-02
8287880335,10287851500,exchange,1/22/25 13:55,1/21/25 9:47,2/6/21,799.008,799.0,0.0,1549,750,-712.011,-712.011,0,2025-02
8312915560,10312886957,return_refund,2/14/25 9:24,2/9/25 12:48,,599.004,0.0,599.0,1499,900,-601.655,-601.655,0,2025-02
8306984060,10306955386,return_refund,2/11/25 7:53,2/5/25 3:36,,998.992,0.0,999.0,3099,2100,-875.469,-875.469,0,2025-02
8300132338,10300103641,return_refund,2/5/25 6:38,1/31/25 2:42,,599.004,599.0,0.0,1399,800,-583.955,-583.955,0,2025-02
8315351050,10315322474,return_refund,2/12/25 14:24,2/10/25 18:19,3/17/21,599.0039999999999,0.0,599.0,1399,800,-548.555,-548.555,0,2025-02
8313855325,10313826727,return_refund,2/18/25 6:40,2/9/25 21:06,3/16/21,999.002,17.0,982.0,2899,1900,-928.569,-928.569,0,2025-02
8322471114,10322442626,return_refund,2/24/25 14:31,2/16/25 10:57,3/25/21,799.008,0.0,799.0,2699,1900,-723.811,-723.811,0,2025-02
8287656434,10287627594,return_refund,1/23/25 5:59,1/20/25 14:48,2/7/21,798.998,0.0,799.0,2599,1800,-747.411,-747.411,0,2025-02
8283093627,10283064672,return_refund,2/12/25 15:37,1/17/25 21:52,,798.998,80.0,719.0,1899,1100,-723.811,-723.811,0,2025-02
8315215914,10315187335,return_refund,2/19/25 9:50,2/10/25 20:24,3/17/21,599.004,0.0,599.0,1499,900,-601.655,-601.655,0,2025-02
8285560210,10285531318,return_refund,1/27/25 14:40,1/19/25 14:34,1/29/21,698.9960000000001,0.0,699.0,1399,700,-665.682,-665.682,0,2025-02
8294719540,10294690797,return_refund,1/30/25 6:52,1/26/25 23:28,2/13/21,949.001,0.0,949.0,2899,1950,-846.404,-846.404,0,2025-02
8291791730,10291762948,return_refund,2/2/25 6:26,1/24/25 9:23,2/10/21,899.0,899.0,0.0,2699,1800,-846.84,-846.84,0,2025-02
8317759105,10317730553,return_refund,2/14/25 9:31,2/12/25 10:44,3/16/21,599.0039999999999,0.0,599.0,1799,1200,-548.555,-548.555,0,2025-02
8298402789,10298374081,return_refund,2/3/25 14:58,1/29/25 13:59,2/21/21,599.004,599.0,0.0,1499,900,-601.655,-601.655,0,2025-02
8299397541,10299368839,return_refund,2/2/25 7:48,1/30/25 14:50,,599.0039999999999,599.0,0.0,1799,1200,-548.555,-548.555,0,2025-02
8293585988,10293557233,exchange,1/27/25 17:09,1/25/25 14:39,2/10/21,798.998,0.0,799.0,2299,1500,-747.411,-747.411,0,2025-02
8316875367,10316846806,exchange,2/12/25 20:54,2/11/25 22:36,3/17/21,799.008,0.0,798.98,1899,1100,-711.995,-711.995,0,2025-02
8288783180,10288754362,return_refund,1/24/25 13:55,1/21/25 14:51,,949.001,112.0,837.0,2899,1950,-870.004,-870.004,0,2025-02
8289483832,10289455027,return_refund,2/7/25 13:32,1/22/25 5:13,2/7/21,599.004,578.73,20.27,1499,900,-572.154,-572.154,0,2025-02
8315327825,10315299247,exchange,2/11/25 15:20,2/11/25 1:49,3/15/21,799.008,39.0,760.0,1549,750,-712.011,-712.011,0,2025-02
8305682816,10305654137,return_refund,2/9/25 16:26,2/4/25 3:54,2/26/21,599.004,0.0,599.0,1499,900,-601.655,-601.655,0,2025-02
8294490978,10294462231,return_refund,2/1/25 4:55,1/26/25 2:53,2/12/21,599.004,0.0,599.0,1499,900,-601.655,-601.655,0,2025-02
8296943441,10296914723,return_refund,2/11/25 10:15,1/28/25 3:44,,599.004,0.0,599.0,1399,800,-560.355,-560.355,0,2025-02
8306511524,10306482845,return_refund,2/14/25 7:53,2/4/25 22:10,3/4/21,848.999,849.0,0.0,2699,1850,-776.475,-776.475,0,2025-02
8323286897,10323258420,return_refund,2/21/25 11:39,2/17/25 1:47,,899.01,41.0,858.0,2899,2000,-805.54,-805.54,0,2025-02
8299048821,10299020118,return_refund,2/7/25 12:11,1/30/25 2:38,2/19/21,599.0039999999999,599.0,0.0,1399,800,-548.555,-548.555,0,2025-02
8299948583,10299919885,return_refund,2/2/25 6:51,1/31/25 2:23,2/20/21,699.0060000000001,70.0,629.0,1399,700,-630.283,-630.283,0,2025-02
8323453789,10323425314,return_refund,2/17/25 11:56,2/17/25 1:12,3/26/21,799.008,80.0,719.0,1899,1100,-712.011,-712.011,0,2025-02
8299099619,10299070917,return_refund,2/3/25 8:55,1/30/25 3:27,2/20/21,949.001,0.0,949.0,2899,1950,-870.004,-870.004,0,2025-02
8283054651,10283025696,exchange,1/18/25 16:37,1/17/25 16:52,,799.008,0.0,799.0,2599,1800,-723.811,-723.811,0,2025-02
8311390495,10311361877,return_refund,2/9/25 9:19,2/8/25 9:55,,699.0060000000001,0.0,699.0,1499,800,-642.082,-642.082,0,2025-02
8311894199,10311865588,return_refund,2/12/25 12:58,2/8/25 20:13,3/9/21,698.9960000000001,0.0,699.0,1499,800,-642.082,-642.082,0,2025-02
8305276097,10305247416,return_refund,2/8/25 12:28,2/4/25 3:55,3/3/21,599.004,0.0,599.0,1499,900,-601.655,-601.655,0,2025-02
8300919491,10300890796,exchange,2/5/25 12:50,2/1/25 8:49,2/22/21,798.998,120.0,679.0,2499,1700,-747.412,-747.412,0,2025-02
8296313191,10296284456,return_refund,1/31/25 5:15,1/27/25 17:11,2/14/21,599.004,0.0,599.0,1499,900,-601.655,-601.655,0,2025-02
8318669520,10318640968,return_refund,2/16/25 9:22,2/12/25 23:26,3/19/21,799.008,66.0,733.0,1899,1100,-747.412,-747.412,0,2025-02
8322826828,10322798345,return_refund,2/18/25 12:56,2/16/25 15:45,,899.01,0.0,899.0,1599,700,-805.54,-805.54,0,2025-02
8286420382,10286391519,return_refund,1/23/25 9:45,1/20/25 0:02,1/30/21,899.0,0.0,899.0,1599,700,-846.84,-846.84,0,2025-02
8292279106,10292250332,exchange,1/26/25 12:03,1/24/25 12:48,2/9/21,649.005,0.0,649.0,1499,850,-624.819,-624.819,0,2025-02
8320692483,10320663976,return_refund,2/17/25 8:41,2/14/25 19:01,3/22/21,599.004,599.0,0.0,1499,900,-601.655,-601.655,0,2025-02
8286568103,10286539244,return_refund,1/23/25 8:19,1/20/25 2:28,1/31/21,798.998,48.0,751.0,2399,1600,-723.811,-723.811,0,2025-02
8296843708,10296814984,exchange,1/29/25 14:29,1/28/25 2:56,2/20/21,749.0079999999999,0.0,749.0,2299,1550,-671.147,-671.147,0,2025-02
8303652605,10303623915,return_refund,2/5/25 4:57,2/2/25 19:52,2/24/21,599.004,44.0,555.0,1499,900,-601.653,-601.653,0,2025-02
8314000586,10313971989,return_refund,2/12/25 13:53,2/10/25 1:23,,799.008,0.0,799.0,2699,1900,-723.811,-723.811,0,2025-02
8296719038,10296690309,exchange,1/29/25 15:27,1/27/25 22:09,2/18/21,599.004,599.0,0.0,1499,900,-601.655,-601.655,0,2025-02
8288841253,10288812436,exchange,1/23/25 11:52,1/21/25 19:57,,798.998,67.0,732.0,2699,1900,-747.411,-747.411,0,2025-02
8315638823,10315610252,return_refund,2/18/25 14:29,2/10/25 22:45,3/14/21,599.004,599.0,0.0,1499,900,-601.655,-601.655,0,2025-02
8288113829,10288084996,exchange,1/27/25 13:35,1/21/25 1:33,,698.9960000000001,699.0,0.0,1399,700,-665.682,-665.682,0,2025-02
8296607875,10296579145,return_refund,2/9/25 6:49,1/28/25 1:28,2/17/21,798.998,0.0,799.0,2599,1800,-747.411,-747.411,0,2025-02
8309183416,10309154774,return_refund,2/11/25 6:54,2/7/25 1:07,3/9/21,798.998,0.0,799.0,2599,1800,-723.811,-723.811,0,2025-02
8307193707,10307165034,return_refund,2/13/25 11:21,2/5/25 7:09,3/1/21,699.0060000000001,0.0,699.0,2699,2000,-630.282,-630.282,0,2025-02
8319122543,10319093999,exchange,2/14/25 13:08,2/13/25 1:44,3/21/21,599.0039999999999,0.0,599.0,1499,900,-560.355,-560.355,0,2025-02
8289057357,10289028543,return_refund,2/4/25 7:47,1/21/25 22:36,2/9/21,949.001,0.0,949.0,2899,1950,-870.004,-870.004,0,2025-02
8307798100,10307769430,exchange,2/7/25 12:05,2/5/25 22:55,,798.998,0.0,799.0,1899,1100,-747.411,-747.411,0,2025-02
8303055814,10303027121,return_refund,2/3/25 14:47,2/2/25 10:57,2/27/21,799.008,0.0,799.0,2599,1800,-712.011,-712.011,0,2025-02
8314178024,10314149428,return_refund,2/14/25 13:46,2/9/25 22:52,3/12/21,798.998,81.0,718.0,2499,1700,-723.811,-723.811,0,2025-02
8315805284,10315776716,return_refund,2/16/25 8:29,2/11/25 0:17,3/14/21,948.99,0.0,949.0,2899,1950,-846.404,-846.404,0,2025-02
8306860809,10306832135,exchange,2/6/25 16:30,2/5/25 1:48,3/6/21,799.008,66.0,733.0,2299,1500,-723.812,-723.812,0,2025-02
8313803322,10313774724,return_refund,2/17/25 11:58,2/9/25 20:23,3/12/21,599.004,599.0,0.0,1499,900,-601.655,-601.655,0,2025-02
8284011800,10283982870,return_refund,1/23/25 7:18,1/18/25 12:06,1/27/21,949.001,0.0,949.0,2899,1950,-870.004,-870.004,0,2025-02
8307352466,10307323793,return_refund,2/10/25 8:25,2/5/25 14:28,3/4/21,949.001,746.64,202.36,2899,1950,-870.004,-870.004,0,2025-02
8319977412,10319948879,return_refund,2/19/25 11:55,2/14/25 2:23,3/22/21,599.004,0.0,599.0,1499,900,-601.655,-601.655,0,2025-02
8318057504,10318028956,return_refund,2/18/25 13:56,2/12/25 13:35,,599.004,599.0,0.0,1499,900,-572.155,-572.155,0,2025-02
8297393422,10297364706,return_refund,1/31/25 7:11,1/28/25 17:48,2/18/21,949.001,949.0,0.0,2899,1950,-870.004,-870.004,0,2025-02
8301509046,10301480352,exchange,2/1/25 20:31,2/1/25 5:04,2/22/21,799.008,0.0,799.0,1549,750,-712.011,-712.011,0,2025-02
8307677482,10307648811,return_refund,2/10/25 7:49,2/5/25 21:06,3/6/21,599.0039999999999,0.0,599.0,1499,900,-560.355,-560.355,0,2025-02
8312377844,10312349236,exchange,2/10/25 14:36,2/8/25 20:59,3/15/21,948.99,0.0,949.0,2899,1950,-870.004,-870.004,0,2025-02
8285546197,10285517304,return_refund,1/27/25 9:42,1/19/25 16:17,1/29/21,899.0,90.0,809.0,2899,2000,-805.54,-805.54,0,2025-02
8297858068,10297829358,return_refund,2/2/25 9:50,1/29/25 1:03,2/20/21,698.9960000000001,331.08,367.92,1799,1100,-642.083,-642.083,0,2025-02
8295794746,10295766008,exchange,1/28/25 10:43,1/27/25 3:13,,949.001,0.0,949.0,2899,1950,-834.604,-834.604,0,2025-02
8278326520,10278297463,return_refund,1/30/25 7:12,1/14/25 15:16,1/24/21,449.001,449.0,0.0,1499,1050,-479.061,-479.061,0,2025-02
8307514342,10307485670,return_refund,2/8/25 3:55,2/5/25 16:37,3/1/21,599.004,0.0,599.0,1499,900,-601.655,-601.655,0,2025-02
8314659326,10314630730,return_refund,2/16/25 8:42,2/10/25 3:34,,599.004,60.0,539.0,1499,900,-572.154,-572.154,0,2025-02
8288434651,10288405822,return_refund,1/24/25 9:06,1/21/25 10:38,2/4/21,999.002,999.0,0.0,2899,1900,-899.069,-899.069,0,2025-02
8319542097,10319513556,exchange,2/14/25 11:19,2/13/25 16:02,,899.0,899.0,0.0,2899,2000,-793.74,-793.74,0,2025-02
8317518019,10317489469,return_refund,2/15/25 8:03,2/12/25 9:51,3/18/21,798.998,0.0,799.0,1549,750,-723.811,-723.811,0,2025-02
8294995071,10294966329,exchange,1/30/25 12:32,1/26/25 17:23,,798.998,799.0,0.0,2599,1800,-723.811,-723.811,0,2025-02
8304166863,10304138177,return_refund,2/5/25 6:14,2/3/25 5:22,2/25/21,799.008,45.0,754.0,1899,1100,-723.812,-723.812,0,2025-02
8310799690,10310771068,exchange,2/12/25 15:24,2/7/25 23:07,,599.004,599.0,0.0,1499,900,-601.655,-601.655,0,2025-02
8314339727,10314311131,exchange,2/11/25 17:16,2/10/25 1:45,3/11/21,698.9960000000001,0.0,699.0,1399,700,-665.682,-665.682,0,2025-02
8291836670,10291807888,return_refund,1/29/25 15:39,1/24/25 1:45,,949.001,0.0,949.0,2899,1950,-870.004,-870.004,0,2025-02
8309770961,10309742323,exchange,2/9/25 13:41,2/7/25 10:33,3/8/21,599.004,0.0,599.0,1499,900,-572.155,-572.155,0,2025-02
8296934401,10296905679,return_refund,2/5/25 6:11,1/28/25 1:30,2/15/21,599.004,0.0,599.0,1499,900,-601.655,-601.655,0,2025-02
8296492267,10296463533,exchange,2/2/25 10:02,1/27/25 20:49,2/17/21,798.998,799.0,0.0,2599,1800,-747.411,-747.411,0,2025-02
8311916372,10311887760,return_refund,2/11/25 8:28,2/8/25 15:18,3/9/21,599.004,0.0,599.0,1499,900,-601.655,-601.655,0,2025-02
8317830508,10317801958,return_refund,2/13/25 11:31,2/12/25 11:40,3/24/21,799.008,0.0,799.0,2299,1500,-712.011,-712.011,0,2025-02
8294320721,10294291969,return_refund,1/29/25 8:05,1/26/25 2:55,2/19/21,848.999,0.0,849.0,1799,950,-776.475,-776.475,0,2025-02
8293067427,10293038668,return_refund,2/3/25 14:46,1/25/25 4:15,2/12/21,798.998,799.0,0.0,2599,1800,-747.411,-747.411,0,2025-02
8312213798,10312185189,return_refund,2/18/25 8:53,2/8/25 23:51,3/10/21,599.004,0.0,599.0,1399,800,-560.355,-560.355,0,2025-02
8303811768,10303783078,return_refund,2/9/25 13:40,2/2/25 22:15,2/27/21,949.001,0.0,949.0,2899,1950,-870.004,-870.004,0,2025-02
8289972785,10289943982,exchange,1/24/25 13:29,1/22/25 16:41,2/5/21,949.001,0.0,949.0,2899,1950,-870.004,-870.004,0,2025-02
8313079574,10313050974,return_refund,2/17/25 10:15,2/9/25 22:31,3/10/21,599.004,60.0,539.0,1499,900,-601.654,-601.654,0,2025-02
8301490440,10301461746,exchange,2/1/25 19:37,2/1/25 5:01,2/23/21,749.0079999999999,81.0,668.0,2299,1550,-671.147,-671.147,0,2025-02
8307259177,10307230504,exchange,2/7/25 12:44,2/5/25 12:46,3/2/21,599.004,599.0,0.0,1499,900,-601.655,-601.655,0,2025-02
8296184397,10296155662,return_refund,1/29/25 10:03,1/27/25 11:34,,948.99,0.0,949.0,2899,1950,-834.604,-834.604,0,2025-02
8321928950,10321900458,exchange,2/17/25 15:11,2/15/25 23:53,,649.005,63.0,586.0,1799,1150,-601.219,-601.219,0,2025-02
8289675782,10289646978,return_refund,2/3/25 9:41,1/22/25 10:07,2/6/21,949.001,0.0,949.0,2899,1950,-870.004,-870.004,0,2025-02
8294901462,10294872719,return_refund,2/2/25 12:41,1/27/25 10:49,,599.004,599.0,0.0,1499,900,-601.655,-601.655,0,2025-02
8313368954,10313340355,return_refund,2/13/25 13:50,2/9/25 16:00,3/11/21,798.998,0.0,799.0,2699,1900,-723.811,-723.811,0,2025-02
8319918818,10319890283,return_refund,2/19/25 13:40,2/13/25 22:45,3/20/21,698.9960000000001,0.0,699.0,1499,800,-665.682,-665.682,0,2025-02
8313079573,10313050972,return_refund,2/17/25 10:18,2/9/25 10:43,,599.004,60.0,539.0,1499,900,-572.154,-572.154,0,2025-02
8296492266,10296463532,return_refund,2/2/25 9:52,1/27/25 20:49,2/14/21,798.998,799.0,0.0,2599,1800,-747.411,-747.411,0,2025-02
8298238519,10298209810,return_refund,2/5/25 11:59,1/29/25 16:54,,649.005,649.0,0.0,1599,950,-624.819,-624.819,0,2025-02
8294330089,10294301337,exchange,2/1/25 17:26,1/28/25 11:51,,949.001,0.0,949.0,2899,1950,-870.004,-870.004,0,2025-02
8303751241,10303722551,return_refund,2/17/25 13:51,2/3/25 11:54,2/28/21,599.004,599.0,0.0,1499,900,-601.655,-601.655,0,2025-02
8297035840,10297007122,return_refund,2/3/25 9:13,1/28/25 2:57,2/18/21,599.004,0.0,599.0,1499,900,-601.655,-601.655,0,2025-02
8287634504,10287605664,return_refund,1/28/25 10:03,1/20/25 16:48,1/30/21,949.001,68.0,881.0,2899,1950,-870.004,-870.004,0,2025-02
8315043225,10315014640,return_refund,2/12/25 14:52,2/10/25 23:36,,799.008,0.0,799.0,2599,1800,-712.011,-712.011,0,2025-02
8294429088,10294400340,return_refund,1/30/25 8:08,1/26/25 18:22,,599.004,0.0,599.0,1499,900,-572.155,-572.155,0,2025-02
8289972784,10289943981,return_refund,1/31/25 11:17,1/22/25 16:45,2/6/21,949.001,0.0,949.0,2899,1950,-870.004,-870.004,0,2025-02
8296983436,10296954718,return_refund,2/10/25 7:19,1/28/25 1:46,,599.004,60.0,539.0,1499,900,-601.654,-601.654,0,2025-02
8316230979,10316202415,return_refund,2/17/25 13:14,2/11/25 11:51,3/15/21,599.004,0.0,599.0,1499,900,-572.155,-572.155,0,2025-02
8306603876,10306575197,return_refund,2/7/25 8:10,2/4/25 22:06,3/6/21,948.99,0.0,949.0,2899,1950,-834.604,-834.604,0,2025-02
8297206859,10297178143,exchange,2/4/25 12:08,1/28/25 16:37,,949.001,949.0,0.0,2899,1950,-870.004,-870.004,0,2025-02
8318627130,10318598578,return_refund,2/13/25 8:35,2/12/25 22:55,3/17/21,599.0039999999999,0.0,599.0,1399,800,-548.555,-548.555,0,2025-02
8289041892,10289013078,return_refund,1/27/25 13:23,1/21/25 23:23,2/5/21,798.998,160.0,639.0,2799,2000,-723.811,-723.811,0,2025-02
8296875622,10296846898,return_refund,2/1/25 14:05,1/28/25 1:40,2/18/21,798.998,0.0,799.0,1899,1100,-747.411,-747.411,0,2025-02
8307935180,10307906511,return_refund,2/11/25 14:51,2/6/25 6:29,3/6/21,949.001,190.0,759.0,2899,1950,-846.404,-846.404,0,2025-02
8290046704,10290017902,return_refund,1/26/25 11:09,1/22/25 16:21,,599.004,599.0,0.0,1499,900,-572.155,-572.155,0,2025-02
8318346097,10318317540,return_refund,2/17/25 11:32,2/12/25 18:36,3/20/21,798.998,0.0,799.0,1899,1100,-723.811,-723.811,0,2025-02
8282905745,10282876788,return_refund,1/22/25 15:20,1/17/25 15:24,2/7/21,999.002,100.0,899.0,2899,1900,-928.569,-928.569,0,2025-02
8317248166,10317219615,exchange,2/13/25 10:54,2/11/25 23:11,3/14/21,799.008,799.0,0.0,1899,1100,-723.811,-723.811,0,2025-02
8306334865,10306306186,return_refund,2/10/25 14:07,2/4/25 15:48,,798.998,0.0,799.0,1549,750,-747.411,-747.411,0,2025-02
8311590632,10311562017,return_refund,2/13/25 10:27,2/8/25 13:26,,699.0060000000001,0.0,699.0,1399,700,-665.682,-665.682,0,2025-02
8298072432,10298043723,return_refund,2/1/25 12:17,1/29/25 2:43,,599.004,0.0,599.0,1499,900,-601.655,-601.655,0,2025-02
8305742399,10305713719,exchange,2/7/25 9:58,2/4/25 1:55,3/1/21,949.001,0.0,949.0,2899,1950,-870.004,-870.004,0,2025-02
8309789745,10309761107,return_refund,2/10/25 9:12,2/7/25 2:56,3/6/21,599.0039999999999,0.0,599.0,1499,900,-560.355,-560.355,0,2025-02
8319386835,10319358293,return_refund,2/20/25 5:40,2/13/25 16:04,3/26/21,948.99,0.0,949.0,2899,1950,-834.604,-834.604,0,2025-02
8316236771,10316208207,return_refund,2/12/25 11:49,2/11/25 10:44,,799.008,0.0,799.0,2599,1800,-712.011,-712.011,0,2025-02
8291420051,10291391261,exchange,1/26/25 12:54,1/23/25 23:56,,949.001,0.0,949.0,2899,1950,-846.404,-846.404,0,2025-02
8297860837,10297832127,return_refund,2/3/25 4:30,1/29/25 4:00,2/16/21,798.998,80.0,719.0,1899,1100,-723.811,-723.811,0,2025-02
8305767247,10305738567,return_refund,2/6/25 8:08,2/4/25 1:22,3/3/21,599.004,0.0,599.0,1499,900,-560.355,-560.355,0,2025-02
8302713722,10302685029,return_refund,2/3/25 9:36,2/1/25 23:54,2/24/21,948.99,949.0,0.0,2899,1950,-834.604,-834.604,0,2025-02
8293685515,10293656760,return_refund,1/30/25 9:51,1/25/25 15:25,2/10/21,798.998,0.0,799.0,2699,1900,-747.411,-747.411,0,2025-02
8309395053,10309366412,return_refund,2/11/25 8:39,2/6/25 23:17,3/8/21,698.9960000000001,0.0,699.0,1399,700,-642.082,-642.082,0,2025-02
8304388307,10304359621,return_refund,2/7/25 8:13,2/3/25 3:14,2/28/21,599.004,0.0,599.0,1799,1200,-583.955,-583.955,0,2025-02
8310857353,10310828731,return_refund,2/12/25 12:20,2/7/25 22:13,3/9/21,798.998,0.0,799.0,2699,1900,-747.411,-747.411,0,2025-02
8311304920,10311276300,return_refund,2/17/25 6:42,2/8/25 12:23,3/9/21,599.0039999999999,60.0,539.0,1499,900,-572.154,-572.154,0,2025-02
8312717283,10312688678,return_refund,2/11/25 8:28,2/9/25 2:08,3/12/21,599.0039999999999,599.0,0.0,1399,800,-560.355,-560.355,0,2025-02
8317155595,10317127036,exchange,2/14/25 10:27,2/12/25 2:10,3/16/21,798.998,0.0,799.0,1899,1100,-723.811,-723.811,0,2025-02
8303485971,10303457280,return_refund,2/6/25 13:22,2/2/25 15:30,2/24/21,998.992,999.0,0.0,2899,1900,-887.269,-887.269,0,2025-02
8304289032,10304260346,return_refund,2/9/25 9:43,2/3/25 16:02,2/26/21,799.008,41.0,758.0,1899,1100,-712.011,-712.011,0,2025-02
8281544670,10281515673,exchange,1/18/25 15:25,1/17/25 9:50,1/24/21,599.0039999999999,16.0,583.0,1399,800,-548.555,-548.555,0,2025-02
8287348612,10287319762,return_refund,1/22/25 6:40,1/20/25 3:55,2/4/21,949.001,59.0,890.0,2899,1950,-870.004,-870.004,0,2025-02
8290869911,10290841113,exchange,1/27/25 11:47,1/23/25 9:20,,599.004,542.52,56.48,1799,1200,-583.954,-583.954,0,2025-02
8320692481,10320663974,return_refund,2/17/25 8:05,2/14/25 19:01,3/21/21,599.004,599.0,0.0,1499,900,-601.655,-601.655,0,2025-02
8291235807,10291207013,return_refund,1/26/25 11:40,1/23/25 22:11,2/9/21,798.998,799.0,0.0,1549,750,-723.811,-723.811,0,2025-02
8287343000,10287314149,return_refund,1/23/25 8:24,1/20/25 3:13,2/4/21,599.004,0.0,599.0,1799,1200,-583.955,-583.955,0,2025-02
8290974031,10290945235,exchange,1/23/25 20:48,1/23/25 12:40,,799.008,0.0,799.0,1549,750,-712.011,-712.011,0,2025-02
8303239169,10303210477,return_refund,2/21/25 12:19,2/2/25 13:03,3/2/21,599.004,599.0,0.0,1499,900,-601.655,-601.655,0,2025-02
8320854146,10320825642,exchange,2/15/25 12:08,2/14/25 22:28,3/25/21,799.008,0.0,799.0,2599,1800,-712.011,-712.011,0,2025-02
8285539157,10285510263,return_refund,1/26/25 7:34,1/19/25 20:31,1/29/21,798.998,799.0,0.0,1549,750,-747.411,-747.411,0,2025-02
8293586541,10293557787,return_refund,2/1/25 12:10,1/26/25 9:20,,599.004,0.0,599.0,1799,1200,-583.955,-583.955,0,2025-02
8313777799,10313749201,return_refund,2/13/25 5:39,2/9/25 21:12,3/10/21,599.004,29.0,570.0,1499,900,-601.654,-601.654,0,2025-02
8293624579,10293595824,exchange,1/27/25 12:20,1/25/25 17:53,2/14/21,698.9960000000001,74.0,625.0,1399,700,-665.684,-665.684,0,2025-02
8309315139,10309286498,return_refund,2/11/25 7:49,2/7/25 1:13,3/6/21,698.9960000000001,70.0,629.0,1399,700,-630.283,-630.283,0,2025-02
8287364592,10287335741,return_refund,1/28/25 11:51,1/20/25 10:40,,949.001,31.0,918.0,2899,1950,-870.004,-870.004,0,2025-02
8317777640,10317749090,return_refund,2/17/25 15:18,2/12/25 5:41,,899.0,0.0,899.0,2899,2000,-805.54,-805.54,0,2025-02
8300913270,10300884574,exchange,2/2/25 17:00,2/1/25 3:52,2/21/21,798.998,0.0,799.0,2299,1500,-723.811,-723.811,0,2025-02
8316746755,10316718195,exchange,2/13/25 18:23,2/11/25 17:01,,798.998,0.0,799.0,1899,1100,-747.411,-747.411,0,2025-02
8309789746,10309761108,return_refund,2/11/25 12:21,2/7/25 5:43,3/4/21,599.004,0.0,599.0,1499,900,-572.155,-572.155,0,2025-02
8289682743,10289653940,return_refund,1/25/25 8:58,1/22/25 11:22,2/7/21,749.0079999999999,749.0,0.0,2199,1450,-671.147,-671.147,0,2025-02
8297303688,10297274972,return_refund,2/6/25 7:34,1/28/25 13:58,2/19/21,599.004,75.0,524.0,1499,900,-601.655,-601.655,0,2025-02
8308717640,10308688994,exchange,2/8/25 12:01,2/6/25 16:10,3/2/21,999.002,576.91,422.09,3099,2100,-887.269,-887.269,0,2025-02
8320103417,10320074885,exchange,2/15/25 11:51,2/14/25 5:25,3/20/21,799.008,52.0,747.0,2299,1500,-723.811,-723.811,0,2025-02
8299040150,10299011447,exchange,1/31/25 13:13,1/30/25 2:56,2/17/21,798.998,799.0,0.0,1549,750,-723.811,-723.811,0,2025-02
8301066667,10301037972,return_refund,2/6/25 10:53,2/1/25 12:35,2/22/21,499.002,499.0,0.0,1199,700,-519.926,-519.926,0,2025-02
8308239724,10308211058,return_refund,2/12/25 4:18,2/6/25 9:53,3/5/21,599.004,0.0,599.0,1499,900,-572.155,-572.155,0,2025-02
8295318493,10295289752,return_refund,2/3/25 14:48,1/27/25 10:30,2/19/21,848.999,849.0,0.0,2699,1850,-805.975,-805.975,0,2025-02
8307883142,10307854472,exchange,2/8/25 14:53,2/6/25 1:22,,798.998,0.0,799.0,2599,1800,-747.411,-747.411,0,2025-02
8320703435,10320674928,return_refund,2/16/25 10:48,2/14/25 20:46,3/21/21,599.0039999999999,599.0,0.0,1499,900,-560.355,-560.355,0,2025-02
8303159128,10303130436,return_refund,2/9/25 11:09,2/2/25 12:06,3/4/21,748.9970000000001,113.0,636.0,2199,1450,-706.546,-706.546,0,2025-02
8301250638,10301221943,exchange,2/2/25 14:07,1/31/25 23:53,,899.0,0.0,899.0,2899,2000,-846.84,-846.84,0,2025-02
8290381333,10290352531,return_refund,1/26/25 11:40,1/23/25 1:43,,999.002,0.0,999.0,3099,2100,-887.269,-887.269,0,2025-02
8291328700,10291299909,return_refund,1/28/25 15:21,1/23/25 21:57,2/5/21,949.001,0.0,949.0,2899,1950,-846.404,-846.404,0,2025-02
8306435254,10306406575,return_refund,2/11/25 16:18,2/4/25 17:39,,949.001,949.0,0.0,2899,1950,-870.004,-870.004,0,2025-02
8313698277,10313669679,exchange,2/11/25 12:01,2/9/25 21:01,3/12/21,798.998,59.0,740.0,1899,1100,-747.411,-747.411,0,2025-02
8293405041,10293376286,return_refund,2/5/25 12:30,1/25/25 13:06,2/13/21,798.998,0.0,799.0,2699,1900,-747.411,-747.411,0,2025-02
8313353224,10313324625,return_refund,2/14/25 7:31,2/9/25 15:29,,998.992,0.0,999.0,3099,2100,-887.269,-887.269,0,2025-02
8296902296,10296873574,return_refund,1/30/25 7:10,1/28/25 1:08,2/17/21,949.001,0.0,949.0,2899,1950,-870.004,-870.004,0,2025-02
8319816949,10319788410,return_refund,2/21/25 11:35,2/13/25 20:51,3/20/21,899.0,0.0,899.0,2899,2000,-817.34,-817.34,0,2025-02
8303319692,10303291000,return_refund,2/8/25 14:22,2/2/25 14:15,,949.001,0.0,949.0,2899,1950,-870.004,-870.004,0,2025-02
8293047890,10293019131,exchange,1/27/25 11:47,1/25/25 4:04,2/11/21,949.001,0.0,949.0,2899,1950,-846.404,-846.404,0,2025-02
8320884086,10320855583,exchange,2/15/25 18:21,2/14/25 22:48,3/26/21,798.998,799.0,0.0,2599,1800,-712.011,-712.011,0,2025-02
8295874492,10295845754,return_refund,1/28/25 17:19,1/27/25 0:07,,599.0039999999999,0.0,599.0,1499,900,-560.355,-560.355,0,2025-02
8287089975,10287061122,return_refund,1/22/25 8:51,1/20/25 8:51,2/1/21,599.0039999999999,60.0,539.0,1499,900,-560.354,-560.354,0,2025-02
8309886486,10309857850,return_refund,2/8/25 6:27,2/7/25 10:32,3/4/21,599.0039999999999,0.0,599.0,1499,900,-560.355,-560.355,0,2025-02
8294047404,10294018652,return_refund,1/28/25 9:43,1/26/25 3:19,2/10/21,948.99,0.0,949.0,2899,1950,-846.404,-846.404,0,2025-02
8302196752,10302168058,return_refund,2/8/25 9:51,2/1/25 17:52,2/25/21,798.998,0.0,799.0,1799,1000,-723.811,-723.811,0,2025-02
8286791939,10286763084,exchange,1/23/25 17:19,1/20/25 15:15,2/2/21,999.002,100.0,899.0,2699,1700,-899.069,-899.069,0,2025-02
8299161116,10299132414,return_refund,2/2/25 10:54,1/30/25 11:44,2/19/21,798.998,137.0,662.0,2299,1500,-747.413,-747.413,0,2025-02
8318974777,10318946231,return_refund,2/16/25 11:52,2/13/25 4:50,3/19/21,499.002,0.0,499.0,1199,700,-490.426,-490.426,0,2025-02
8313088780,10313060181,exchange,2/10/25 18:07,2/9/25 11:00,3/9/21,798.998,0.0,799.0,1899,1100,-747.411,-747.411,0,2025-02
8296607874,10296579144,return_refund,2/8/25 9:53,1/28/25 1:28,,798.998,0.0,799.0,2599,1800,-747.411,-747.411,0,2025-02
8289963380,10289934577,return_refund,1/25/25 7:52,1/22/25 16:01,,698.9960000000001,0.0,699.0,1399,700,-665.682,-665.682,0,2025-02
8293443437,10293414682,return_refund,1/31/25 18:22,1/25/25 12:05,2/10/21,599.004,599.0,0.0,1499,900,-601.655,-601.655,0,2025-02
8295089993,10295061251,exchange,1/29/25 12:50,1/26/25 11:27,2/16/21,698.9960000000001,0.0,699.0,1399,700,-642.082,-642.082,0,2025-02
8309286398,10309257757,return_refund,2/12/25 12:07,2/7/25 0:00,3/7/21,599.004,599.0,0.0,1499,900,-601.655,-601.655,0,2025-02
8296741055,10296712327,return_refund,2/2/25 10:43,1/27/25 23:05,2/14/21,748.9970000000001,0.0,749.0,2299,1550,-706.547,-706.547,0,2025-02
8286528111,10286499251,exchange,1/22/25 15:02,1/20/25 4:44,,798.998,44.0,755.0,1899,1100,-747.411,-747.411,0,2025-02
8296332150,10296303415,return_refund,1/31/25 9:42,1/27/25 14:38,2/15/21,849.0100000000001,0.0,849.0,2699,1850,-764.675,-764.675,0,2025-02
8285402149,10285373252,return_refund,1/23/25 12:29,1/19/25 13:08,1/31/21,599.004,275.59,323.41,1499,900,-601.655,-601.655,0,2025-02
8306234717,10306206036,return_refund,2/18/25 14:37,2/4/25 13:54,3/4/21,599.004,90.0,509.0,1499,900,-601.653,-601.653,0,2025-02
8302173214,10302144520,exchange,2/2/25 14:01,2/1/25 23:43,,948.99,949.0,0.0,2899,1950,-834.604,-834.604,0,2025-02
8284821582,10284792670,return_refund,1/24/25 12:24,1/19/25 10:21,1/31/21,698.9960000000001,0.0,699.0,1499,800,-642.082,-642.082,0,2025-02
8298666364,10298637659,return_refund,2/2/25 7:00,1/29/25 23:53,,949.001,95.0,854.0,2899,1950,-870.005,-870.005,0,2025-02
8313186297,10313157698,exchange,2/10/25 15:04,2/9/25 15:00,3/13/21,799.008,799.0,0.0,2699,1900,-712.011,-712.011,0,2025-02
8288077492,10288048659,exchange,1/23/25 14:22,1/21/25 5:18,,748.9970000000001,75.0,674.0,2299,1550,-682.947,-682.947,0,2025-02
8318469774,10318441218,return_refund,2/15/25 7:00,2/12/25 21:16,3/18/21,599.004,47.0,552.0,1499,900,-601.653,-601.653,0,2025-02
8297789907,10297761196,exchange,1/30/25 13:26,1/28/25 22:12,2/20/21,649.006,65.0,584.0,1799,1150,-624.818,-624.818,0,2025-02
8298686369,10298657664,exchange,1/31/25 13:02,1/30/25 2:07,2/17/21,698.9960000000001,699.0,0.0,1499,800,-642.082,-642.082,0,2025-02
8319989118,10319960585,return_refund,2/22/25 10:35,2/14/25 1:26,3/17/21,949.001,0.0,949.0,2899,1950,-870.004,-870.004,0,2025-02
8304343860,10304315174,return_refund,2/7/25 7:20,2/3/25 1:12,2/28/21,599.004,599.0,0.0,1499,900,-601.655,-601.655,0,2025-02
8287451027,10287422179,return_refund,1/23/25 8:20,1/20/25 12:31,,999.002,0.0,999.0,3099,2100,-910.869,-910.869,0,2025-02
8285066139,10285037240,return_refund,1/22/25 6:55,1/19/25 0:41,1/28/21,949.001,0.0,949.0,2899,1950,-870.004,-870.004,0,2025-02
8310718520,10310689897,return_refund,2/11/25 10:38,2/8/25 1:37,3/5/21,949.001,949.0,0.0,2899,1950,-846.404,-846.404,0,2025-02
8293533884,10293505129,return_refund,2/4/25 13:08,1/25/25 13:35,,599.004,599.0,0.0,1499,900,-601.655,-601.655,0,2025-02
8300062578,10300033881,return_refund,2/2/25 7:33,1/31/25 0:33,2/20/21,599.004,599.0,0.0,1499,900,-601.655,-601.655,0,2025-02
8300820177,10300791481,return_refund,2/5/25 6:04,1/31/25 20:32,2/20/21,798.998,0.0,799.0,1549,750,-747.411,-747.411,0,2025-02
8286274785,10286245920,return_refund,1/23/25 12:46,1/19/25 22:38,,798.998,104.0,695.0,2299,1500,-723.811,-723.811,0,2025-02
8311104415,10311075795,return_refund,2/13/25 12:12,2/8/25 0:52,,599.004,60.0,539.0,1499,900,-601.654,-601.654,0,2025-02
8298537745,10298509038,return_refund,2/4/25 6:36,1/29/25 17:27,2/20/21,649.005,0.0,649.0,1599,950,-624.819,-624.819,0,2025-02
8296149240,10296120505,return_refund,2/5/25 6:18,1/27/25 19:50,2/15/21,599.004,0.0,599.0,1499,900,-601.655,-601.655,0,2025-02
8299670073,10299641375,return_refund,2/5/25 9:21,1/30/25 23:24,2/23/21,798.998,0.0,799.0,2299,1500,-747.411,-747.411,0,2025-02
8302128946,10302100252,return_refund,2/16/25 5:48,2/1/25 16:43,2/21/21,949.001,0.0,949.0,2899,1950,-846.404,-846.404,0,2025-02
8301509043,10301480349,exchange,2/1/25 20:31,2/1/25 5:04,2/23/21,699.0060000000001,0.0,699.0,1399,700,-630.282,-630.282,0,2025-02
8297539952,10297511238,exchange,1/29/25 20:10,1/28/25 22:31,2/19/21,799.008,0.0,799.0,1899,1100,-712.011,-712.011,0,2025-02
8288267177,10288238345,return_refund,1/24/25 12:17,1/21/25 10:55,,799.008,0.0,799.0,1899,1100,-723.811,-723.811,0,2025-02
8309318869,10309290228,exchange,2/11/25 13:24,2/7/25 4:55,,949.001,949.0,0.0,2899,1950,-870.004,-870.004,0,2025-02
8296024121,10295995384,return_refund,2/8/25 5:17,1/27/25 14:08,,599.004,599.0,0.0,1499,900,-601.655,-601.655,0,2025-02
8317899302,10317870753,return_refund,2/13/25 8:13,2/12/25 11:41,3/17/21,948.99,0.0,949.0,2899,1950,-834.604,-834.604,0,2025-02
8314882475,10314853882,return_refund,2/13/25 6:31,2/10/25 14:23,3/19/21,798.998,0.0,799.0,2299,1500,-747.411,-747.411,0,2025-02
8313507283,10313478682,return_refund,2/11/25 6:59,2/9/25 17:56,,949.001,32.0,917.0,2899,1950,-834.605,-834.605,0,2025-02
8317198353,10317169801,exchange,2/13/25 18:35,2/11/25 23:37,,649.005,0.0,649.0,1599,950,-601.219,-601.219,0,2025-02
8293844426,10293815674,return_refund,1/28/25 13:21,1/25/25 17:50,2/12/21,599.004,0.0,599.0,1499,900,-560.355,-560.355,0,2025-02
8295234286,10295205545,return_refund,1/29/25 7:20,1/26/25 21:01,2/14/21,799.008,0.0,799.0,1899,1100,-712.011,-712.011,0,2025-02
8315747133,10315718564,return_refund,2/13/25 10:43,2/11/25 1:36,,649.005,0.0,649.0,1599,950,-624.819,-624.819,0,2025-02
8298021944,10297993235,return_refund,1/30/25 7:44,1/29/25 3:45,,599.0039999999999,599.0,0.0,1499,900,-560.355,-560.355,0,2025-02
8304494660,10304465977,return_refund,2/7/25 13:06,2/3/25 2:20,2/27/21,998.992,0.0,999.0,3099,2100,-875.469,-875.469,0,2025-02
8287853165,10287824330,return_refund,1/23/25 8:27,1/20/25 23:30,2/1/21,599.004,0.0,599.0,1499,900,-572.155,-572.155,0,2025-02
8297359383,10297330667,return_refund,1/29/25 13:05,1/28/25 17:01,2/19/21,799.008,0.0,799.0,2299,1500,-712.011,-712.011,0,2025-02
8314801266,10314772672,return_refund,2/15/25 8:33,2/10/25 12:26,,948.99,44.0,905.0,2899,1950,-834.603,-834.603,0,2025-02
8299863263,10299834565,return_refund,2/3/25 14:34,1/31/25 1:40,,599.004,90.0,509.0,1499,900,-572.153,-572.153,0,2025-02
8307734165,10307705495,exchange,2/11/25 11:28,2/5/25 21:10,2/28/21,798.998,0.0,799.0,1899,1100,-747.411,-747.411,0,2025-02
8322254076,10322225588,return_refund,2/21/25 10:12,2/16/25 2:05,3/23/21,798.998,34.0,765.0,2599,1800,-723.811,-723.811,0,2025-02
8304973395,10304944712,return_refund,2/6/25 10:04,2/3/25 16:40,3/3/21,799.008,0.0,799.0,1549,750,-723.811,-723.811,0,2025-02
8297912024,10297883314,return_refund,2/8/25 6:03,1/29/25 0:47,2/18/21,599.004,0.0,599.0,1499,900,-601.655,-601.655,0,2025-02
8301739229,10301710535,return_refund,2/6/25 13:22,2/1/25 12:26,2/22/21,798.998,0.0,799.0,2299,1500,-747.411,-747.411,0,2025-02
8314478971,10314450375,return_refund,2/13/25 6:11,2/10/25 0:31,3/12/21,599.004,0.0,599.0,1399,800,-560.355,-560.355,0,2025-02
8317248159,10317219608,exchange,2/13/25 10:54,2/11/25 23:11,3/20/21,799.008,799.0,0.0,1899,1100,-723.811,-723.811,0,2025-02
8295293552,10295264811,return_refund,1/31/25 8:34,1/27/25 2:36,2/15/21,798.998,0.0,799.0,2599,1800,-723.811,-723.811,0,2025-02
8321233877,10321205377,exchange,2/17/25 13:32,2/15/25 9:37,3/24/21,949.001,0.0,949.0,2899,1950,-870.004,-870.004,0,2025-02
8309530424,10309501785,return_refund,2/17/25 7:53,2/7/25 4:41,3/6/21,599.004,0.0,599.0,1399,800,-583.955,-583.955,0,2025-02
8310718521,10310689898,return_refund,2/11/25 10:41,2/8/25 1:37,3/5/21,949.001,949.0,0.0,2899,1950,-846.404,-846.404,0,2025-02
8298937813,10298909110,return_refund,2/5/25 7:50,1/30/25 1:10,,599.0039999999999,599.0,0.0,1499,900,-572.155,-572.155,0,2025-02
8323162995,10323134518,exchange,2/17/25 13:59,2/16/25 21:41,3/27/21,599.0039999999999,0.0,599.0,1499,900,-560.355,-560.355,0,2025-02
8297800669,10297771958,return_refund,1/31/25 12:59,1/28/25 23:49,,798.998,0.0,799.0,1549,750,-723.811,-723.811,0,2025-02
8294523652,10294494905,return_refund,1/27/25 11:01,1/26/25 3:48,,799.008,0.0,799.0,1899,1100,-712.011,-712.011,0,2025-02
8287589831,10287560991,return_refund,1/23/25 10:00,1/20/25 12:57,1/31/21,949.001,0.0,949.0,2899,1950,-846.404,-846.404,0,2025-02
8281720809,10281691820,return_refund,1/25/25 12:41,1/16/25 21:18,1/26/21,798.998,799.0,0.0,1899,1100,-747.411,-747.411,0,2025-02
8296712442,10296683713,return_refund,1/30/25 8:25,1/28/25 1:45,2/14/21,799.008,0.0,799.0,2599,1800,-712.011,-712.011,0,2025-02
8300085240,10300056543,return_refund,2/4/25 11:33,1/31/25 10:40,,699.0060000000001,699.0,0.0,1399,700,-630.282,-630.282,0,2025-02
8302929739,10302901046,return_refund,2/6/25 9:40,2/2/25 12:27,3/1/21,798.998,0.0,799.0,1899,1100,-723.811,-723.811,0,2025-02
8293802944,10293774192,return_refund,1/28/25 5:18,1/26/25 10:11,,698.9960000000001,699.0,0.0,1399,700,-642.082,-642.082,0,2025-02
8300700781,10300672084,exchange,2/3/25 9:58,1/31/25 16:56,,798.998,0.0,799.0,2599,1800,-747.411,-747.411,0,2025-02
8300700783,10300672087,exchange,2/3/25 9:58,1/31/25 16:56,2/25/21,798.998,0.0,799.0,1549,750,-747.411,-747.411,0,2025-02
8304756353,10304727670,exchange,2/6/25 16:34,2/3/25 12:54,3/2/21,798.998,0.0,799.0,2299,1500,-747.411,-747.411,0,2025-02
8294457806,10294429059,return_refund,2/2/25 9:10,1/27/25 0:04,,649.005,0.0,649.0,1599,950,-624.819,-624.819,0,2025-02
8321284741,10321256243,exchange,2/16/25 13:21,2/15/25 16:25,,799.008,0.0,799.0,1899,1100,-712.011,-712.011,0,2025-02
8302898230,10302869537,return_refund,2/3/25 8:37,2/2/25 10:47,2/22/21,799.008,0.0,799.0,1549,750,-712.011,-712.011,0,2025-02
8317979096,10317950547,return_refund,2/17/25 12:07,2/12/25 12:55,3/16/21,998.992,0.0,999.0,3099,2100,-910.869,-910.869,0,2025-02
8306370104,10306341425,exchange,2/6/25 15:14,2/4/25 18:22,,798.998,799.0,0.0,2599,1800,-747.411,-747.411,0,2025-02
8295755560,10295726822,exchange,1/29/25 12:43,1/27/25 13:36,2/13/21,798.998,0.0,799.0,1899,1100,-747.411,-747.411,0,2025-02
8309522416,10309493777,return_refund,2/13/25 9:29,2/7/25 0:08,3/4/21,899.01,90.0,809.0,2899,2000,-817.34,-817.34,0,2025-02
8303775030,10303746340,exchange,2/4/25 14:44,2/2/25 20:17,2/27/21,599.004,555.45,43.55,1499,900,-601.655,-601.655,0,2025-02
8294254891,10294226139,return_refund,2/2/25 10:18,1/26/25 14:42,2/13/21,848.999,0.0,849.0,2699,1850,-805.975,-805.975,0,2025-02
8298549756,10298521049,return_refund,2/9/25 13:41,1/29/25 17:15,,599.004,0.0,599.0,1799,1200,-583.955,-583.955,0,2025-02
8299923153,10299894455,exchange,1/31/25 19:03,1/30/25 22:05,2/22/21,599.0039999999999,173.06,425.92,1499,900,-560.337,-560.337,0,2025-02
8305767246,10305738566,return_refund,2/6/25 8:44,2/4/25 1:22,3/2/21,599.004,0.0,599.0,1499,900,-560.355,-560.355,0,2025-02
8317045648,10317017088,exchange,2/13/25 12:57,2/11/25 23:14,3/18/21,798.998,799.0,0.0,2499,1700,-723.811,-723.811,0,2025-02
8295020874,10294992132,exchange,1/31/25 14:30,1/27/25 6:10,2/13/21,798.998,0.0,799.0,2499,1700,-747.411,-747.411,0,2025-02
8285560212,10285531320,return_refund,1/27/25 13:33,1/19/25 14:34,,698.9960000000001,0.0,699.0,1399,700,-665.682,-665.682,0,2025-02
8302246680,10302217986,return_refund,2/13/25 22:39,2/2/25 3:28,2/28/21,999.002,0.0,999.0,2899,1900,-910.869,-910.869,0,2025-02
8309158419,10309129777,return_refund,2/11/25 9:38,2/7/25 3:01,,599.004,599.0,0.0,1499,900,-572.155,-572.155,0,2025-02
8316570952,10316542391,exchange,2/12/25 9:55,2/11/25 16:54,3/18/21,599.0039999999999,0.0,599.0,1399,800,-548.555,-548.555,0,2025-02
8313334308,10313305709,exchange,2/11/25 13:46,2/9/25 19:09,3/12/21,799.008,77.0,722.0,2599,1800,-723.811,-723.811,0,2025-02
8317910592,10317882042,return_refund,2/16/25 11:01,2/12/25 13:23,3/17/21,698.9960000000001,0.0,699.0,1399,700,-665.682,-665.682,0,2025-02
8319598789,10319570248,return_refund,2/15/25 11:35,2/13/25 16:44,,599.004,0.0,599.0,1499,900,-601.655,-601.655,0,2025-02
8306226897,10306198215,return_refund,2/8/25 8:04,2/4/25 15:33,,649.005,649.0,0.0,1499,850,-624.819,-624.819,0,2025-02
8286151687,10286122820,return_refund,1/24/25 10:10,1/19/25 16:34,2/2/21,948.99,949.0,0.0,2899,1950,-846.404,-846.404,0,2025-02
8285560211,10285531319,return_refund,1/27/25 15:40,1/19/25 14:34,,698.9960000000001,0.0,699.0,1399,700,-665.682,-665.682,0,2025-02
8298933430,10298904727,return_refund,2/6/25 15:36,1/29/25 23:41,2/21/21,599.004,0.0,599.0,1499,900,-601.655,-601.655,0,2025-02
8298648542,10298619837,return_refund,2/2/25 7:00,1/29/25 23:53,2/19/21,949.001,163.0,786.0,2899,1950,-870.004,-870.004,0,2025-02
8301509048,10301480354,exchange,2/2/25 13:01,2/1/25 3:17,,798.998,0.0,799.0,1549,750,-747.411,-747.411,0,2025-02
8297411594,10297382878,exchange,1/31/25 12:36,1/28/25 16:09,2/18/21,848.999,680.1,168.9,2699,1850,-805.975,-805.975,0,2025-02
8297284351,10297255635,return_refund,2/1/25 6:09,1/28/25 15:01,,798.998,799.0,0.0,2599,1800,-747.411,-747.411,0,2025-02
8306834461,10306805787,return_refund,2/11/25 10:22,2/5/25 4:13,3/3/21,798.998,0.0,799.0,2699,1900,-747.411,-747.411,0,2025-02
8317331314,10317302763,exchange,2/13/25 12:48,2/11/25 23:04,3/19/21,798.998,0.0,799.0,2699,1900,-747.411,-747.411,0,2025-02
8314882477,10314853884,exchange,2/12/25 12:46,2/10/25 14:23,,798.998,0.0,799.0,2299,1500,-747.411,-747.411,0,2025-02
8298227361,10298198651,return_refund,2/2/25 7:20,1/29/25 12:21,2/19/21,799.008,799.0,0.0,1899,1100,-723.811,-723.811,0,2025-02
8293048493,10293019734,exchange,1/26/25 14:01,1/25/25 1:11,2/19/21,948.99,0.0,949.0,2899,1950,-846.404,-846.404,0,2025-02
8294279942,10294251190,return_refund,1/31/25 8:49,1/26/25 10:46,2/11/21,949.001,949.0,0.0,2899,1950,-870.004,-870.004,0,2025-02
8317248164,10317219613,exchange,2/13/25 10:54,2/11/25 23:11,,799.008,799.0,0.0,2299,1500,-723.811,-723.811,0,2025-02
8310414877,10310386252,return_refund,2/10/25 10:02,2/7/25 17:24,3/8/21,798.998,0.0,799.0,2699,1900,-723.811,-723.811,0,2025-02
8290746086,10290717287,return_refund,1/24/25 6:26,1/23/25 3:20,2/5/21,798.998,799.0,0.0,1899,1100,-712.011,-712.011,0,2025-02
8285253399,10285224501,return_refund,1/24/25 12:26,1/19/25 9:31,,599.004,599.0,0.0,1499,900,-601.655,-601.655,0,2025-02
8290094114,10290065312,exchange,1/24/25 13:36,1/22/25 17:13,2/6/21,798.998,0.0,799.0,1899,1100,-747.411,-747.411,0,2025-02
8314882474,10314853879,return_refund,2/13/25 6:29,2/10/25 14:23,,798.998,0.0,799.0,2299,1500,-747.411,-747.411,0,2025-02
8296875619,10296846895,return_refund,2/1/25 14:04,1/28/25 1:40,,798.998,0.0,799.0,2299,1500,-747.411,-747.411,0,2025-02
8318940780,10318912231,return_refund,2/17/25 14:55,2/13/25 1:50,3/16/21,798.998,0.0,799.0,2699,1900,-747.411,-747.411,0,2025-02
8297367874,10297339158,return_refund,2/1/25 7:54,1/28/25 15:31,2/20/21,599.0039999999999,19.94,579.06,1499,900,-572.155,-572.155,0,2025-02
8296550258,10296521526,exchange,1/30/25 12:07,1/27/25 18:21,2/16/21,949.001,0.0,949.0,2899,1950,-870.004,-870.004,0,2025-02
8313993087,10313964490,return_refund,2/15/25 7:48,2/10/25 13:08,3/11/21,798.998,0.0,799.0,2299,1500,-723.811,-723.811,0,2025-02
8301302187,10301273492,return_refund,2/7/25 13:27,2/1/25 16:17,2/26/21,798.998,380.38,418.62,1899,1100,-723.812,-723.812,0,2025-02
8186450680,10186420900,return_refund,11/16/24 19:25,11/14/24 20:33,,554.0020000000001,554.0,0.0,1499,945,-523.576,-523.576,0,2025-02
8292646703,10292617930,return_refund,2/2/25 7:17,1/24/25 22:08,,599.004,0.0,599.0,1499,900,-601.655,-601.655,0,2025-02
8303593424,10303564734,exchange,2/4/25 11:20,2/2/25 17:49,,798.998,799.0,0.0,2299,1500,-747.411,-747.411,0,2025-02
8314047790,10314019194,exchange,2/11/25 9:47,2/10/25 1:23,3/13/21,699.0060000000001,0.0,699.0,1399,700,-642.082,-642.082,0,2025-02
8294529599,10294500852,return_refund,2/2/25 3:48,1/26/25 12:53,2/18/21,599.004,0.0,599.0,1799,1200,-583.955,-583.955,0,2025-02
8290388677,10290359875,return_refund,1/27/25 13:36,1/23/25 1:19,2/6/21,949.001,949.0,0.0,2899,1950,-870.004,-870.004,0,2025-02
8316171337,10316142772,return_refund,2/12/25 13:08,2/11/25 6:28,3/14/21,948.99,0.0,949.0,2899,1950,-834.604,-834.604,0,2025-02
8297571906,10297543192,return_refund,2/5/25 8:07,1/28/25 21:05,2/16/21,599.004,599.0,0.0,1499,900,-601.655,-601.655,0,2025-02
8296358263,10296329528,return_refund,2/14/25 14:08,1/27/25 17:56,2/15/21,949.001,949.0,0.0,2899,1950,-870.004,-870.004,0,2025-02
8294306657,10294277905,return_refund,1/29/25 8:01,1/26/25 16:47,2/15/21,599.004,0.0,599.0,1499,900,-572.155,-572.155,0,2025-02
8311340028,10311311410,return_refund,2/11/25 8:30,2/8/25 12:58,,599.004,60.0,539.0,1499,900,-601.654,-601.654,0,2025-02
8296543243,10296514511,return_refund,2/3/25 14:38,1/27/25 18:05,2/15/21,999.002,999.0,0.0,2899,1900,-910.869,-910.869,0,2025-02
8294553664,10294524917,return_refund,2/8/25 5:02,1/26/25 10:53,,599.004,54.0,545.0,1499,900,-601.655,-601.655,0,2025-02
8286434848,10286405985,return_refund,1/26/25 15:40,1/20/25 0:25,2/2/21,798.998,64.0,735.0,1899,1100,-723.811,-723.811,0,2025-02
8311910711,10311882100,exchange,2/10/25 17:58,2/8/25 16:57,,798.998,0.0,799.0,2299,1500,-747.411,-747.411,0,2025-02
8289636316,10289607511,exchange,1/24/25 13:43,1/22/25 9:46,,798.998,0.0,799.0,2299,1500,-723.811,-723.811,0,2025-02
8301924840,10301896146,exchange,2/2/25 12:20,2/1/25 15:36,2/23/21,799.008,0.0,799.0,2699,1900,-712.011,-712.011,0,2025-02
8291527931,10291499146,return_refund,1/26/25 9:41,1/23/25 23:53,2/9/21,798.998,735.04,63.96,1549,750,-57.94054,-57.94054,0,2025-02
8296753382,10296724656,exchange,1/31/25 12:22,1/27/25 23:10,,599.004,599.0,0.0,1499,900,-601.655,-601.655,0,2025-02
8314659323,10314630727,return_refund,2/16/25 8:02,2/10/25 3:34,3/13/21,599.004,60.0,539.0,1499,900,-572.154,-572.154,0,2025-02
8309853102,10309824465,return_refund,2/10/25 9:39,2/7/25 10:01,3/6/21,799.008,0.0,799.0,2499,1700,-712.011,-712.011,0,2025-02
8296255565,10296226830,return_refund,2/7/25 7:16,1/27/25 20:45,,949.001,640.67,308.33,2899,1950,-870.004,-870.004,0,2025-02
8309326968,10309298327,return_refund,2/10/25 5:35,2/7/25 3:42,3/4/21,949.001,0.0,949.0,2899,1950,-870.004,-870.004,0,2025-02
8303266552,10303237860,return_refund,2/4/25 13:49,2/2/25 12:50,2/25/21,649.006,97.0,552.0,1599,950,-601.218,-601.218,0,2025-02
8322198903,10322170415,return_refund,2/18/25 11:07,2/16/25 1:22,,599.004,599.0,0.0,1499,900,-601.655,-601.655,0,2025-02
8314950898,10314922310,return_refund,2/12/25 7:14,2/10/25 12:51,3/12/21,699.0060000000001,0.0,699.0,1799,1100,-642.082,-642.082,0,2025-02
8288792975,10288764158,return_refund,1/24/25 12:41,1/21/25 16:50,2/6/21,649.005,0.0,649.0,1599,950,-624.819,-624.819,0,2025-02
8307186886,10307158213,return_refund,2/9/25 7:41,2/5/25 6:47,,599.004,0.0,599.0,1799,1200,-548.555,-548.555,0,2025-02
8323247494,10323219017,return_refund,2/18/25 9:18,2/16/25 22:50,3/25/21,948.99,949.0,0.0,2899,1950,-834.604,-834.604,0,2025-02
8297577096,10297548382,return_refund,2/9/25 6:47,1/28/25 23:18,,499.002,499.0,0.0,1199,700,-478.626,-478.626,0,2025-02
8288473553,10288444728,return_refund,1/22/25 8:13,1/21/25 11:00,2/11/21,599.0039999999999,0.0,599.0,1499,900,-560.355,-560.355,0,2025-02
8293768016,10293739263,exchange,1/27/25 16:20,1/25/25 17:31,2/12/21,599.004,0.0,599.0,1499,900,-560.355,-560.355,0,2025-02
8318669523,10318640971,return_refund,2/16/25 9:23,2/12/25 23:26,3/18/21,799.008,0.0,799.0,1899,1100,-747.411,-747.411,0,2025-02
8307484628,10307455956,return_refund,2/13/25 13:59,2/5/25 16:16,2/28/21,599.004,0.0,599.0,1499,900,-601.655,-601.655,0,2025-02
8293624584,10293595829,exchange,1/27/25 12:20,1/25/25 17:53,,698.9960000000001,74.0,625.0,1399,700,-665.684,-665.684,0,2025-02
8294719539,10294690796,return_refund,1/30/25 6:53,1/26/25 12:30,,949.001,0.0,949.0,2899,1950,-870.004,-870.004,0,2025-02
8298283643,10298254935,return_refund,2/6/25 11:42,1/29/25 12:59,2/19/21,798.998,144.0,655.0,1899,1100,-747.411,-747.411,0,2025-02
8306636704,10306608025,return_refund,2/12/25 11:30,2/5/25 0:22,3/6/21,999.002,999.0,0.0,3099,2100,-910.869,-910.869,0,2025-02
8296902299,10296873577,return_refund,2/1/25 7:29,1/28/25 11:32,2/16/21,798.998,0.0,799.0,1899,1100,-747.411,-747.411,0,2025-02
8300062583,10300033886,return_refund,2/2/25 7:32,1/31/25 0:33,,599.004,599.0,0.0,1499,900,-601.655,-601.655,0,2025-02
8307858077,10307829407,return_refund,2/9/25 11:21,2/5/25 22:56,3/4/21,899.0,0.0,899.0,2699,1800,-846.84,-846.84,0,2025-02
8303929103,10303900415,return_refund,2/11/25 10:42,2/2/25 22:22,2/27/21,649.005,649.0,0.0,1699,1050,-601.219,-601.219,0,2025-02
8288131451,10288102618,return_refund,1/22/25 13:23,1/20/25 23:53,2/4/21,999.002,999.0,0.0,3099,2100,-910.869,-910.869,0,2025-02
8313936807,10313908210,return_refund,2/13/25 5:56,2/10/25 1:30,3/11/21,798.998,41.0,758.0,1549,750,-723.811,-723.811,0,2025-02
8316171339,10316142774,return_refund,2/12/25 13:43,2/11/25 6:28,,899.01,0.0,899.0,2899,2000,-793.74,-793.74,0,2025-02
8309303440,10309274799,return_refund,2/13/25 9:22,2/6/25 23:01,3/7/21,798.998,0.0,799.0,1899,1100,-747.411,-747.411,0,2025-02
8303000855,10302972162,return_refund,2/10/25 12:37,2/2/25 10:21,,949.001,0.0,949.0,2899,1950,-846.404,-846.404,0,2025-02
8317045644,10317017084,exchange,2/13/25 12:57,2/11/25 23:14,,798.998,799.0,0.0,2499,1700,-723.811,-723.811,0,2025-02
8285790101,10285761219,exchange,1/21/25 11:41,1/19/25 17:37,1/30/21,798.998,0.0,799.0,1899,1100,-747.411,-747.411,0,2025-02
8300062580,10300033884,return_refund,2/2/25 7:34,1/31/25 0:33,2/19/21,599.004,599.0,0.0,1499,900,-601.655,-601.655,0,2025-02
8297633929,10297605216,return_refund,2/1/25 9:49,1/28/25 20:51,,949.001,0.0,949.0,2899,1950,-846.404,-846.404,0,2025-02
8297351769,10297323053,return_refund,2/1/25 13:25,1/28/25 16:15,2/18/21,798.998,799.0,0.0,1549,750,-747.411,-747.411,0,2025-02
8304390411,10304361725,return_refund,2/7/25 8:18,2/3/25 2:32,2/26/21,599.0039999999999,0.0,599.0,1499,900,-572.155,-572.155,0,2025-02
8298188408,10298159699,return_refund,1/30/25 7:10,1/29/25 11:36,2/17/21,899.01,899.0,0.0,2699,1800,-793.74,-793.74,0,2025-02
8294848580,10294819837,return_refund,1/28/25 14:30,1/27/25 3:16,2/13/21,799.008,0.0,799.0,1549,750,-712.011,-712.011,0,2025-02
8320849085,10320820581,exchange,2/17/25 11:43,2/15/25 1:10,3/21/21,998.992,0.0,999.0,3099,2100,-875.469,-875.469,0,2025-02
8318643179,10318614627,return_refund,2/16/25 8:09,2/12/25 22:40,3/16/21,799.008,0.0,799.0,2599,1800,-747.411,-747.411,0,2025-02
8287858413,10287829578,return_refund,1/25/25 6:54,1/20/25 22:46,,798.998,80.0,719.0,2599,1800,-747.411,-747.411,0,2025-02
8315106147,10315077566,return_refund,2/21/25 10:26,2/10/25 14:15,,949.001,0.0,949.0,2899,1950,-846.404,-846.404,0,2025-02
8304862625,10304833942,return_refund,2/9/25 7:07,2/3/25 17:40,2/26/21,698.9960000000001,0.0,699.0,1399,700,-665.682,-665.682,0,2025-02
8293446319,10293417564,return_refund,2/1/25 14:32,1/25/25 14:48,2/8/21,948.99,0.0,949.0,2899,1950,-846.404,-846.404,0,2025-02
8291219133,10291190338,return_refund,1/27/25 6:15,1/23/25 16:08,,798.998,67.0,732.0,2699,1900,-747.411,-747.411,0,2025-02
8283419241,10283390298,return_refund,1/22/25 15:19,1/18/25 3:33,,698.9960000000001,0.0,699.0,1399,700,-642.082,-642.082,0,2025-02
8308469960,10308441309,return_refund,2/8/25 7:45,2/6/25 13:48,3/8/21,599.0039999999999,0.0,599.0,1499,900,-560.355,-560.355,0,2025-02
8306229022,10306200340,return_refund,2/18/25 16:24,2/4/25 14:31,3/3/21,599.004,90.0,509.0,1499,900,-601.653,-601.653,0,2025-02
8307487380,10307458708,return_refund,2/8/25 12:50,2/5/25 12:24,3/3/21,999.002,0.0,999.0,2899,1900,-928.569,-928.569,0,2025-02
8284990205,10284961304,return_refund,1/26/25 13:07,1/18/25 21:33,1/26/21,949.001,0.0,949.0,2899,1950,-870.004,-870.004,0,2025-02
8310702065,10310673442,return_refund,2/12/25 9:44,2/8/25 1:09,3/8/21,949.001,0.0,949.0,2899,1950,-846.404,-846.404,0,2025-02
8302247284,10302218590,return_refund,2/8/25 9:27,2/2/25 3:59,2/26/21,798.998,0.0,799.0,2299,1500,-747.411,-747.411,0,2025-02
8306452223,10306423544,return_refund,2/6/25 10:07,2/4/25 17:24,3/5/21,699.0060000000001,699.0,0.0,1499,800,-630.282,-630.282,0,2025-02
8315769251,10315740683,return_refund,2/15/25 14:37,2/10/25 23:34,3/12/21,798.998,62.0,737.0,2599,1800,-723.811,-723.811,0,2025-02
8298666365,10298637660,return_refund,2/2/25 7:41,1/29/25 23:53,,949.001,95.0,854.0,2899,1950,-870.005,-870.005,0,2025-02
8290632690,10290603889,return_refund,1/26/25 10:27,1/23/25 12:27,2/8/21,949.001,0.0,949.0,2899,1950,-870.004,-870.004,0,2025-02
8317352928,10317324377,return_refund,2/24/25 11:42,2/12/25 0:50,3/15/21,948.99,0.0,949.0,2899,1950,-834.604,-834.604,0,2025-02
8302095621,10302066927,return_refund,2/4/25 7:26,2/1/25 15:43,,948.99,49.0,900.0,2899,1950,-834.604,-834.604,0,2025-02
8283703026,10283674089,return_refund,1/24/25 9:59,1/18/25 20:27,1/28/21,798.998,0.0,799.0,2299,1500,-723.811,-723.811,0,2025-02
8309594173,10309565534,return_refund,2/10/25 7:31,2/7/25 1:40,3/4/21,649.006,33.0,616.0,1499,850,-601.219,-601.219,0,2025-02
8309853103,10309824466,return_refund,2/10/25 8:23,2/7/25 10:01,3/5/21,799.008,0.0,799.0,1549,750,-712.011,-712.011,0,2025-02
8305814830,10305786150,exchange,2/8/25 15:03,2/4/25 3:49,,649.005,0.0,649.0,1599,950,-624.819,-624.819,0,2025-02
8316167947,10316139382,return_refund,2/12/25 11:39,2/11/25 4:23,3/17/21,699.0060000000001,0.0,699.0,1399,700,-630.282,-630.282,0,2025-02
8297487270,10297458556,return_refund,2/3/25 15:07,1/28/25 22:05,2/19/21,499.002,0.0,499.0,1199,700,-519.926,-519.926,0,2025-02
8289270691,10289241883,return_refund,1/23/25 6:21,1/22/25 3:34,2/8/21,799.008,799.0,0.0,2699,1900,-712.011,-712.011,0,2025-02
8307372697,10307344024,exchange,2/8/25 7:51,2/5/25 14:52,3/3/21,599.004,599.0,0.0,1499,900,-601.655,-601.655,0,2025-02
8317045647,10317017087,exchange,2/13/25 12:57,2/11/25 23:14,,798.998,799.0,0.0,2499,1700,-723.811,-723.811,0,2025-02
8317531861,10317503310,return_refund,2/15/25 8:01,2/12/25 10:06,3/19/21,599.004,48.0,551.0,1499,900,-572.153,-572.153,0,2025-02
8282721733,10282692773,return_refund,1/25/25 13:49,1/18/25 0:16,1/29/21,999.002,999.0,0.0,3099,2100,-910.869,-910.869,0,2025-02
8310477674,10310449049,return_refund,2/11/25 8:39,2/7/25 20:29,,798.998,0.0,799.0,2299,1500,-723.811,-723.811,0,2025-02
8307976661,10307947992,return_refund,2/9/25 7:20,2/6/25 0:40,3/8/21,599.004,599.0,0.0,1499,900,-572.155,-572.155,0,2025-02
8291586684,10291557899,exchange,1/25/25 12:13,1/23/25 22:25,2/12/21,798.998,799.0,0.0,2699,1900,-723.811,-723.811,0,2025-02
8323286898,10323258421,return_refund,2/21/25 10:23,2/17/25 1:47,,899.01,0.0,899.0,2899,2000,-805.54,-805.54,0,2025-02
8296381316,10296352582,return_refund,2/6/25 9:11,1/27/25 19:54,2/16/21,599.004,60.0,539.0,1499,900,-601.654,-601.654,0,2025-02
8297303687,10297274971,return_refund,2/6/25 8:40,1/28/25 13:58,2/16/21,599.004,75.0,524.0,1499,900,-601.655,-601.655,0,2025-02
8294334136,10294305384,return_refund,1/29/25 9:30,1/26/25 3:35,2/14/21,599.004,0.0,599.0,1499,900,-572.155,-572.155,0,2025-02
8309307093,10309278452,exchange,2/7/25 12:37,2/7/25 0:41,3/6/21,699.0060000000001,0.0,699.0,1399,700,-630.282,-630.282,0,2025-02
8301302186,10301273491,exchange,2/3/25 11:56,2/1/25 16:17,,798.998,380.38,418.62,2299,1500,-723.812,-723.812,0,2025-02
8285631846,10285602958,exchange,1/22/25 15:58,1/19/25 11:17,2/1/21,798.998,799.0,0.0,2599,1800,-747.411,-747.411,0,2025-02
8318940778,10318912229,return_refund,2/17/25 14:56,2/13/25 1:50,3/20/21,798.998,0.0,799.0,2299,1500,-747.411,-747.411,0,2025-02
8294033954,10294005202,return_refund,1/30/25 8:43,1/26/25 13:36,,599.004,0.0,599.0,1499,900,-601.655,-601.655,0,2025-02
8290695219,10290666419,return_refund,1/25/25 10:27,1/23/25 2:05,,798.998,799.0,0.0,1899,1100,-747.411,-747.411,0,2025-02
8306128108,10306099426,return_refund,2/10/25 6:45,2/4/25 12:40,2/27/21,798.998,0.0,799.0,2599,1800,-723.811,-723.811,0,2025-02
8286434844,10286405981,return_refund,1/26/25 15:40,1/19/25 20:44,,727.9970000000001,59.0,669.0,2699,1971,-689.384,-689.384,0,2025-02
8318543985,10318515431,exchange,2/13/25 15:10,2/13/25 0:02,3/16/21,948.99,0.0,949.0,2899,1950,-834.604,-834.604,0,2025-02
8316571334,10316542773,return_refund,2/18/25 14:28,2/11/25 14:43,,798.998,0.0,799.0,2599,1800,-747.411,-747.411,0,2025-02
8312914145,10312885542,return_refund,2/18/25 7:39,2/9/25 4:47,3/9/21,698.9960000000001,0.0,699.0,1399,700,-665.682,-665.682,0,2025-02
8314328583,10314299987,return_refund,2/15/25 11:20,2/10/25 9:49,3/10/21,599.004,0.0,599.0,1499,900,-601.655,-601.655,0,2025-02
8297892269,10297863559,return_refund,2/6/25 15:27,1/29/25 1:09,,599.0039999999999,599.0,0.0,1399,800,-560.355,-560.355,0,2025-02
8299506261,10299477559,return_refund,2/1/25 11:11,1/30/25 15:18,2/21/21,699.0060000000001,0.0,699.0,1399,700,-630.282,-630.282,0,2025-02
8300486693,10300457997,return_refund,2/3/25 7:04,1/31/25 12:40,2/20/21,699.0060000000001,699.0,0.0,1399,700,-642.082,-642.082,0,2025-02
8310030589,10310001958,return_refund,2/22/25 9:14,2/7/25 10:47,3/5/21,799.008,0.0,799.0,1899,1100,-723.811,-723.811,0,2025-02
8306795531,10306766856,return_refund,2/9/25 7:18,2/5/25 3:11,3/1/21,798.998,0.0,799.0,2599,1800,-723.811,-723.811,0,2025-02
8306334323,10306305645,return_refund,2/8/25 9:51,2/4/25 15:48,3/6/21,849.0100000000001,0.0,849.0,2699,1850,-776.475,-776.475,0,2025-02
8287983630,10287954796,exchange,1/24/25 10:54,1/21/25 2:16,2/2/21,698.9960000000001,70.0,629.0,1399,700,-642.083,-642.083,0,2025-02
8317034646,10317006086,return_refund,2/14/25 13:01,2/11/25 21:37,3/13/21,649.005,34.0,615.0,1599,950,-624.818,-624.818,0,2025-02
8297975601,10297946892,exchange,1/30/25 18:59,1/29/25 1:43,2/20/21,899.0,0.0,899.0,2899,2000,-805.54,-805.54,0,2025-02
8309934176,10309905540,return_refund,2/12/25 6:41,2/7/25 10:08,,599.004,0.0,599.0,1499,900,-601.655,-601.655,0,2025-02
8320692480,10320663973,return_refund,2/17/25 8:06,2/14/25 20:46,3/20/21,599.0039999999999,599.0,0.0,1499,900,-560.355,-560.355,0,2025-02
8308807451,10308778806,return_refund,2/11/25 10:26,2/6/25 12:58,3/2/21,798.998,799.0,0.0,1899,1100,-747.411,-747.411,0,2025-02
8314238243,10314209647,return_refund,2/14/25 6:41,2/10/25 3:53,,949.001,100.0,848.99,2899,1950,-846.396,-846.396,0,2025-02
8310914850,10310886229,return_refund,2/15/25 14:10,2/8/25 4:20,,799.008,80.0,719.0,1549,750,-712.011,-712.011,0,2025-02
8287560500,10287531660,exchange,1/21/25 17:25,1/20/25 23:47,1/31/21,699.0060000000001,0.0,699.0,1499,800,-630.282,-630.282,0,2025-02
8310211819,10310183193,return_refund,2/9/25 12:41,2/7/25 19:22,,799.008,0.0,799.0,1549,750,-712.011,-712.011,0,2025-02
8319298046,10319269504,exchange,2/13/25 18:06,2/13/25 11:34,,849.0100000000001,76.0,773.0,1799,950,-764.676,-764.676,0,2025-02
8293981145,10293952393,return_refund,2/11/25 10:09,1/26/25 13:04,2/13/21,798.998,799.0,0.0,1899,1100,-747.411,-747.411,0,2025-02
8310363622,10310334997,return_refund,2/11/25 13:37,2/7/25 16:19,,798.998,799.0,0.0,2499,1700,-747.411,-747.411,0,2025-02
8290652007,10290623207,exchange,1/24/25 12:42,1/23/25 14:33,2/10/21,599.0039999999999,0.0,599.0,1799,1200,-548.555,-548.555,0,2025-02
8319132958,10319104414,return_refund,2/20/25 12:12,2/13/25 3:05,3/17/21,599.0039999999999,0.0,599.0,1399,800,-548.555,-548.555,0,2025-02
8307455798,10307427126,exchange,2/7/25 20:37,2/5/25 17:04,3/6/21,649.006,0.0,649.0,1699,1050,-589.419,-589.419,0,2025-02
8314034572,10314005976,return_refund,2/12/25 7:09,2/9/25 20:58,3/9/21,698.9960000000001,699.0,0.0,1499,800,-630.282,-630.282,0,2025-02
8284820373,10284791461,exchange,1/23/25 11:21,1/18/25 21:36,,698.9960000000001,699.0,0.0,1399,700,-665.682,-665.682,0,2025-02
8288841250,10288812433,exchange,1/23/25 11:52,1/21/25 19:57,,798.998,67.0,732.0,2599,1800,-747.411,-747.411,0,2025-02
8281427186,10281398187,return_refund,2/5/25 9:09,1/17/25 3:34,,698.9960000000001,105.0,594.0,1499,800,-665.682,-665.682,0,2025-02
8298946036,10298917333,exchange,1/31/25 15:03,1/29/25 23:40,,799.008,0.0,799.0,2699,1900,-747.411,-747.411,0,2025-02
8318601954,10318573401,exchange,2/14/25 15:26,2/13/25 2:57,3/21/21,799.008,0.0,799.0,1899,1100,-723.811,-723.811,0,2025-02
8314870684,10314842091,exchange,2/11/25 15:08,2/10/25 11:52,3/13/21,948.99,95.0,854.0,2899,1950,-846.405,-846.405,0,2025-02
